id_dep,nome,partido,uf,Cobrança de cursos em universidades públicas,Coincidência reeleição,Cota para mulheres legislativo,Distritao,Financiamento privado para partidos,Financiamento privado para partidos e candidatos,Infaticídio indígena,Lei trabalhista,Maioridade 1,Maioridade 2,Pensão,Reeleição,Seguro Desemprego,Tempo Mandato,Terceirização,Terceirização total 2017,Terrorismo,Transgênico,Tributação serviços de internet,Voto Facultativo,Voto impresso,Impeachment,Prosseguimento da denúncia contra Temer
178957,Abel Mesquita Jr.,dem,RR,0,1,1,0,1,1,1,1,0,1,0,1,0,1,1,1,-1,1,0,0,1,1,0
73579,Alberto Fraga,dem,DF,1,1,1,1,1,1,1,1,1,1,0,1,0,0,1,1,1,1,1,0,1,1,0
160545,Alexandre Leite,dem,SP,1,1,-2,1,1,1,1,1,1,1,0,1,0,1,1,1,0,1,-1,1,1,1,-2
74651,Carlos Melles,dem,MG,1,0,1,1,1,1,1,1,1,1,-1,0,1,0,1,1,1,1,-1,1,1,1,0
74537,Claudio Cajado,dem,BA,-1,-1,-1,1,1,1,-1,1,1,1,1,1,1,-1,-1,1,1,1,-1,1,-1,1,0
141422,Efraim Filho,dem,PB,1,1,1,1,1,1,-1,1,1,1,0,0,0,0,1,-1,-1,1,1,1,1,1,0
160532,Eli Corrêa Filho,dem,SP,-1,-1,1,-1,1,-1,1,1,1,1,0,1,0,0,1,0,1,1,-1,1,1,1,0
178854,Elmar Nascimento,dem,BA,1,1,0,1,1,1,1,1,1,1,-1,1,1,0,1,1,0,1,1,1,1,1,0
141429,Felipe Maia,dem,RN,1,1,-2,1,1,1,1,1,1,1,0,1,0,0,1,1,-1,1,1,1,1,1,0
160677,Francisco Floriano,dem,RJ,0,1,-2,0,1,1,1,1,1,-1,1,1,1,1,1,0,1,1,1,0,1,1,0
178909,Hélio Leite,dem,PA,1,0,0,0,1,1,1,1,1,1,0,0,0,0,1,1,1,1,1,1,-1,1,0
73535,Jorge Tadeu Mudalen,dem,SP,1,0,-2,1,1,0,1,1,1,1,0,1,0,0,1,1,1,1,1,1,1,1,0
74553,José Carlos Aleluia,dem,BA,1,0,-1,0,1,1,0,1,1,1,1,0,1,0,1,1,1,1,1,1,1,1,0
178886,Juscelino Filho,dem,MA,1,1,0,1,1,1,1,1,1,1,1,1,1,1,1,1,1,1,1,0,0,1,0
160633,Mandetta,dem,MS,1,1,1,0,1,0,1,1,0,1,0,1,0,0,1,0,1,1,1,1,1,1,1
160660,Marcelo Aguiar,dem,SP,1,0,-2,1,1,1,1,1,1,1,1,1,1,1,-1,0,0,1,1,1,1,-1,0
167722,Marcos Rogério,dem,RO,0,0,-2,-2,0,0,1,1,1,1,0,1,0,1,0,0,-1,1,-1,1,1,1,1
178943,Marcos Soares,dem,RJ,1,1,0,-1,-1,-1,1,1,1,1,1,1,0,1,-1,-2,-1,-2,-1,1,1,1,0
74428,Mendonça Filho,dem,PE,1,0,-1,1,1,1,1,1,1,1,0,0,0,0,-1,-1,-1,1,1,1,1,1,0
178895,Misael Varella,dem,MG,1,1,0,1,1,0,1,1,1,1,-1,1,1,1,1,-2,1,1,1,1,1,1,0
160561,Missionário José Olimpio,dem,SP,1,1,-2,1,1,0,1,1,1,1,0,1,0,1,1,0,1,1,1,1,1,1,0
74457,Moroni Torgan,dem,CE,1,0,1,1,1,0,1,-1,1,1,0,1,0,0,0,-1,-1,1,0,1,1,1,-1
66179,Norma Ayub,dem,ES,-1,-1,-1,-1,-1,-1,-1,1,-1,-1,-1,-1,-1,-1,-1,-1,-1,-1,-1,-1,-1,-1,1
74399,Onyx Lorenzoni,dem,RS,-1,0,0,-1,-1,-1,-1,1,1,1,-1,-1,0,0,1,-1,-1,1,-1,1,1,1,1
180545,Osmar Bertoldi,dem,PR,-1,-1,-1,-1,-1,-1,-1,1,-1,-1,0,-1,0,-1,1,1,-1,1,-1,-1,-1,-1,0
74095,Pauderney Avelino,dem,AM,-1,0,-2,1,1,1,-1,1,1,1,0,1,0,0,1,1,-1,1,-1,1,1,1,0
178860,Paulo Azi,dem,BA,1,0,-2,1,1,1,1,1,1,1,-1,1,1,1,1,1,0,1,1,1,1,1,0
160639,Professora Dorinha Seabra Rezende,dem,TO,1,1,1,0,1,0,1,1,0,0,0,1,0,1,0,0,1,1,-1,1,1,1,0
74693,Rodrigo Maia,dem,RJ,1,0,-2,1,1,1,1,-4,1,1,1,1,1,0,1,-4,-1,1,1,1,1,1,-1
178947,Sóstenes Cavalcante,dem,RJ,1,0,1,1,1,1,1,1,1,1,0,1,0,1,0,-1,0,1,1,1,1,1,1
195866,Vaidon Oliveira,dem,CE,-1,-1,-1,-1,-1,-1,-1,1,-1,-1,-1,-1,-1,-1,-1,1,-1,-1,-1,-1,-1,-1,0
74057,Alice Portugal,pcdob,BA,0,0,1,1,0,0,-1,0,0,-1,-1,1,1,0,0,0,1,0,0,0,1,0,1
160581,Assis Melo,pcdob,RS,-1,-1,-1,-1,-1,-1,-1,-1,-1,-1,-1,-1,-1,-1,-1,0,-1,-1,-1,-1,-1,-1,-1
141440,Chico Lopes,pcdob,CE,0,0,1,1,0,0,0,0,0,0,1,1,1,0,0,0,1,0,0,0,1,0,1
74060,Daniel Almeida,pcdob,BA,0,0,1,1,0,0,0,-1,0,0,1,1,1,0,0,0,1,0,0,0,1,0,1
101309,Davidson Magalhães,pcdob,BA,0,0,1,1,0,0,0,0,0,0,1,1,1,0,0,0,1,0,0,0,1,0,-1
74848,Jandira Feghali,pcdob,RJ,0,0,1,1,0,0,0,0,0,0,1,1,1,0,0,0,1,0,0,0,1,0,1
141503,Jô Moraes,pcdob,MG,0,0,-1,1,0,0,0,0,0,0,1,1,1,0,0,0,1,0,-1,0,-1,0,1
160628,Luciana Santos,pcdob,PE,0,0,1,1,0,0,0,0,0,0,1,1,1,0,0,0,1,0,-1,0,1,0,1
195278,Moisés Diniz,pcdob,AC,-1,-1,-1,-1,-1,-1,-1,-1,-1,-1,-1,-1,-1,-1,-1,0,-1,-1,-1,-1,-1,-1,1
178987,Orlando Silva,pcdob,SP,0,0,1,1,0,0,0,0,0,0,1,1,1,0,0,0,1,0,0,0,1,0,1
160641,Professora Marcivania,pcdob,AP,0,0,1,0,0,0,0,0,0,0,-1,1,-1,1,0,0,1,0,1,0,1,0,1
178887,Rubens Pereira Júnior,pcdob,MA,0,0,-1,1,0,0,0,0,0,0,1,1,1,0,0,0,1,0,0,0,-1,0,1
137853,Wadson Ribeiro,pcdob,MG,0,0,1,1,0,0,0,-1,0,0,1,1,1,0,0,-1,1,0,0,0,1,-1,-1
178835,Afonso Motta,pdt,RS,1,1,1,0,0,0,1,0,0,0,0,1,0,1,1,0,1,1,0,0,1,0,1
133439,André Figueiredo,pdt,CE,-1,-1,1,0,0,0,1,0,0,0,0,1,0,-1,1,0,1,-1,-1,-1,1,-1,1
74103,Ariosto Holanda,pdt,CE,1,-1,-1,-1,-1,-1,-1,-1,-1,-1,-1,-1,-1,-1,-1,-1,-1,-1,-1,-1,-1,0,1
74378,Assis do Couto,pdt,PR,1,1,1,0,0,0,-2,0,0,0,1,1,-1,1,0,0,1,0,0,0,1,0,1
74474,Carlos Eduardo Cadoca,pdt,PE,0,0,1,1,0,0,0,1,0,0,1,1,1,0,1,1,1,0,0,1,-1,-1,-1
141411,Dagoberto Nogueira,pdt,MS,1,1,1,0,0,0,1,0,0,0,0,1,0,1,1,0,1,1,0,0,1,0,1
74467,Damião Feliciano,pdt,PB,0,-1,1,0,0,0,1,-1,0,0,0,1,0,-1,0,0,1,0,1,-1,1,0,1
185500,Deoclides Macedo,pdt,MA,-1,-1,-1,-1,-1,-1,-1,0,-1,-1,-1,-1,-1,-1,1,-1,-1,-1,-1,-1,-1,-1,1
191923,Flavio Nogueira,pdt,PI,1,-1,-1,-1,-1,-1,-1,-1,-1,-1,-1,-1,-1,-1,-1,-1,-1,-1,-1,-1,-1,-1,-1
160598,Flávia Morais,pdt,GO,-1,-1,1,0,0,0,1,0,0,0,0,1,0,-1,1,0,1,1,-1,-1,1,1,1
160666,Félix Mendonça Júnior,pdt,BA,1,1,1,0,0,0,1,0,0,0,0,1,0,1,1,0,1,1,1,0,1,0,1
178849,Hissa Abrahão,pdt,AM,1,0,1,0,0,0,-1,0,0,0,-1,1,0,0,1,0,1,1,1,1,1,1,1
141474,Julião Amin Castro,pdt,MA,-1,-1,-1,-1,-1,-1,-1,-1,-1,-1,-1,-1,-1,-1,-1,0,-1,-1,-1,-1,-1,-1,-1
74299,Leônidas Cristino,pdt,CE,1,1,0,0,1,0,1,0,0,0,1,1,1,1,1,0,1,1,1,0,1,0,1
74158,Mário Heringer,pdt,MG,1,1,1,-1,-1,-1,1,-1,0,0,0,-1,0,1,1,0,1,1,-1,0,1,1,-1
73486,Pompeo de Mattos,pdt,RS,1,0,1,0,0,0,1,0,0,0,0,1,0,1,-1,0,1,1,-1,0,1,-2,1
178995,Roberto Góes,pdt,AP,0,1,1,0,1,0,1,-1,0,0,0,0,0,1,1,-1,1,0,0,0,1,0,0
178845,Ronaldo Lessa,pdt,AL,0,1,1,0,-1,-1,-2,0,0,0,0,-1,0,1,-1,-1,1,0,0,1,1,0,1
191684,Rosângela Curado,pdt,MA,1,-1,-1,-1,-1,-1,-1,-1,-1,-1,-1,-1,-1,-1,-1,-1,-1,-1,0,-1,-1,-1,-1
178874,Sergio Vidigal,pdt,ES,1,-2,1,0,0,0,1,0,0,0,0,1,0,-2,1,0,1,0,-1,-2,1,1,1
177282,Subtenente Gonzaga,pdt,MG,0,1,1,0,0,0,1,0,0,1,0,1,0,1,0,0,1,-1,0,0,1,1,1
167493,Weverton Rocha,pdt,MA,-1,1,1,0,0,0,1,0,0,0,0,1,0,1,1,0,1,0,-1,0,1,0,1
74439,Wolney Queiroz,pdt,PE,0,1,-1,0,0,0,1,0,0,0,0,1,0,0,0,0,1,0,-1,0,1,0,1
99654,Erivelton Santana,pen,BA,0,1,0,1,1,1,1,1,1,1,0,1,0,1,1,-1,0,1,1,0,1,1,0
178885,Junior Marreca,pen,MA,1,1,-1,1,1,1,0,1,1,1,0,-1,-1,1,1,1,1,-1,-1,1,-1,0,0
160631,Walney Rocha,pen,RJ,1,1,0,1,1,1,1,0,1,1,0,1,0,1,1,1,0,1,0,0,1,-1,0
178958,Carlos Andrade,phs,RR,-1,0,0,1,1,1,-1,0,1,1,1,-1,0,1,1,-1,1,1,1,0,-1,1,1
178929,Diego Garcia,phs,PR,-1,0,0,1,1,0,1,-1,0,0,1,1,0,1,0,-1,1,1,1,0,1,1,1
160643,Dr. Jorge Silva,phs,ES,0,1,0,0,0,0,1,0,0,1,1,1,1,1,1,0,1,1,1,0,1,1,1
74558,Givaldo Carimbão,phs,AL,-1,0,0,0,1,1,-1,0,0,0,1,1,1,1,1,0,1,1,-1,-1,1,0,1
146788,Marcelo Aro,phs,MG,-1,0,0,1,1,1,1,1,1,1,1,1,0,1,1,-1,1,-1,-1,0,1,1,0
76287,Marcelo Matos,phs,RJ,0,1,1,0,0,0,1,1,-2,1,0,1,0,1,0,0,1,0,0,0,1,1,1
160642,Pastor Eurico,phs,PE,-1,1,1,1,0,1,1,0,1,1,0,0,0,1,1,1,1,1,1,0,1,1,1
160518,Weliton Prado,pmb,MG,0,-2,-2,-2,-2,-2,1,0,1,1,0,-2,0,-2,0,0,1,0,1,-2,-2,1,1
160582,Alberto Filho,pmdb,MA,1,1,1,1,1,1,1,1,1,1,1,1,1,1,-1,-1,1,1,1,0,1,1,-1
160559,Alceu Moreira,pmdb,RS,1,1,1,0,1,1,1,1,1,1,1,1,0,1,1,1,1,1,0,0,1,1,0
178833,Alexandre Serfiotis,pmdb,RJ,0,0,-1,0,1,1,1,1,1,1,1,1,0,0,1,-1,0,0,1,0,1,1,-1
178937,Altineu Côrtes,pmdb,RJ,1,1,-1,0,-1,1,1,1,1,1,1,1,-1,1,1,-1,-1,1,1,0,1,1,0
195143,André Amaral,pmdb,PB,-1,-1,-1,-1,-1,-1,-1,1,-1,-1,-1,-1,-1,-1,-1,1,-1,-1,-1,-1,-1,-1,0
74212,Aníbal Gomes,pmdb,CE,1,-1,0,1,1,1,1,1,1,1,1,1,1,-1,-1,1,1,-1,-1,-1,1,-1,0
178975,Baleia Rossi,pmdb,SP,1,1,1,1,1,0,-1,1,1,1,1,1,1,0,1,-1,1,1,1,1,1,1,0
105112,Cabuçu Borges,pmdb,AP,1,1,-1,1,1,1,1,1,-1,1,1,1,1,1,1,-1,1,1,-1,1,-1,1,0
141401,Carlos Bezerra,pmdb,MT,1,1,1,0,1,1,-1,1,0,0,1,1,1,1,-1,1,1,1,1,0,1,1,0
178900,Carlos Marun,pmdb,MS,-1,1,1,1,1,1,1,1,1,1,1,1,1,1,1,-1,1,1,0,0,1,1,0
73568,Celso Jacob,pmdb,RJ,1,-1,1,1,1,1,1,1,1,1,1,1,1,-1,1,-2,1,1,1,-1,1,-1,0
141405,Celso Maldaner,pmdb,SC,1,1,1,0,1,1,1,1,0,1,1,1,1,1,1,1,1,1,-1,1,1,1,0
72912,Celso Pansera,pmdb,RJ,-1,1,1,1,1,1,-1,0,0,0,1,0,1,0,1,0,1,-1,-1,1,-1,0,1
178841,Cícero Almeida,pmdb,AL,1,1,1,1,1,0,1,0,1,1,0,1,0,1,-1,1,1,1,1,0,1,1,0
144523,Daniel Vilela,pmdb,GO,0,1,0,1,1,0,1,1,1,1,1,1,1,1,1,1,1,1,-1,1,1,1,0
73891,Darcísio Perondi,pmdb,RS,1,0,1,0,1,1,0,1,0,0,1,1,1,1,1,1,1,1,0,1,1,1,0
178994,Dulce Miranda,pmdb,TO,1,1,1,1,1,1,1,-1,0,1,1,1,1,1,1,-1,1,1,1,0,1,1,0
73447,Edinho Araújo,pmdb,SP,0,-1,-1,-1,-1,-1,-1,-1,-1,-1,-1,-1,-1,-1,-1,-1,-1,-1,-1,-1,-1,1,-1
73793,Edinho Bez,pmdb,SC,1,-1,0,1,1,-2,1,-1,1,1,-2,1,1,1,1,-1,1,1,0,1,1,-1,-1
74173,Eduardo Cunha,pmdb,RJ,-4,-4,-4,-4,-4,-4,-4,-1,-4,-4,-4,-4,-4,-4,-4,-1,-4,-4,-4,-4,-4,1,-1
74075,Elcione Barbalho,pmdb,PA,1,-1,1,1,0,0,-1,1,0,0,1,1,1,-1,1,-1,-1,-1,1,-1,-1,0,0
171623,Fabio Reis,pmdb,SE,1,1,0,1,1,1,1,-1,1,1,1,1,0,1,1,0,1,1,-1,1,1,1,0
163831,Fernando Jordão,pmdb,RJ,1,1,1,1,1,1,1,-1,1,1,1,1,1,1,1,-1,1,1,-1,1,1,1,-1
141434,Flaviano Melo,pmdb,AC,-1,0,-1,1,1,1,1,1,1,1,1,1,1,0,1,1,-1,1,-1,0,-1,1,0
141427,Fábio Ramalho,pmdb,MG,1,1,-1,1,1,1,0,1,0,0,-1,1,1,1,1,1,1,0,1,0,1,1,0
73772,Hermes Parcianello,pmdb,PR,1,1,1,1,1,1,1,-1,1,1,0,1,0,1,0,0,0,1,1,1,1,1,0
178884,Hildo Rocha,pmdb,MA,1,1,1,1,1,1,1,1,1,1,-1,1,1,0,1,1,1,1,0,1,0,1,0
160674,Hugo Motta,pmdb,PB,1,1,-1,1,1,1,1,1,1,1,-1,1,1,1,1,-1,1,1,-1,0,-1,1,0
131943,Jarbas Vasconcelos,pmdb,PE,0,0,0,0,1,1,1,1,0,0,0,1,0,1,1,1,-1,1,1,1,1,1,1
194262,Jones Martins,pmdb,RS,-1,-1,-1,-1,-1,-1,-1,1,-1,-1,-1,-1,-1,-1,-1,1,-1,-1,-1,-1,-1,-1,-1
114941,Josi Nunes,pmdb,TO,1,1,1,1,1,1,1,1,0,0,1,1,0,1,1,0,1,1,1,0,1,1,0
131966,José Fogaça,pmdb,RS,1,0,-1,0,0,0,1,0,0,0,0,1,0,0,1,0,1,0,1,0,1,1,0
74079,José Priante,pmdb,PA,-1,0,1,1,-1,-1,1,1,-1,-1,1,-1,1,1,-1,1,1,-1,-1,0,-1,1,0
160573,João Arruda,pmdb,PR,0,0,0,1,1,0,0,1,0,0,-1,1,0,1,0,-1,1,1,-1,1,1,1,0
112437,João Marcelo Souza,pmdb,MA,1,-1,-1,1,1,1,-2,1,0,0,1,1,1,-1,1,1,1,1,1,-1,-1,0,0
178839,Jéssica Sales,pmdb,AC,1,1,-1,-1,-1,-1,1,1,1,1,1,-1,1,1,-1,0,-1,1,-1,0,-1,1,0
178918,Kaio Maniçoba,pmdb,PE,1,0,0,1,1,1,1,1,0,1,-1,1,0,1,1,-1,1,1,1,0,1,1,-1
74856,Laura Carneiro,pmdb,RJ,-1,-1,-1,-1,-1,-1,-1,1,-1,-1,-1,-1,-1,-1,-1,1,-1,-1,-1,-1,-1,-1,1
141562,Lelo Coimbra,pmdb,ES,0,1,1,0,1,0,1,1,0,0,1,1,0,1,1,1,1,-1,0,1,1,1,0
74254,Leonardo Picciani,pmdb,RJ,-1,1,1,1,1,1,1,-1,1,1,1,1,1,0,1,-1,1,1,-1,1,-1,0,0
141482,Leonardo Quintão,pmdb,MG,1,1,1,1,1,1,1,1,1,1,1,1,1,1,1,1,1,-1,-1,0,1,1,0
178954,Lucio Mosquini,pmdb,RO,1,1,1,1,1,1,1,1,1,1,1,1,1,1,0,-1,1,1,-1,1,1,1,0
94931,Lucio Vieira Lima,pmdb,BA,-1,-1,-1,1,1,1,1,1,1,1,1,1,1,-1,1,-1,-1,1,1,-1,-1,1,0
141490,Manoel Junior,pmdb,PB,-1,-1,-1,1,1,1,1,-1,1,1,1,1,1,1,1,-1,1,1,-1,1,1,1,-1
74460,Marcelo Castro,pmdb,PI,-1,1,-1,0,0,0,1,1,1,-2,1,1,1,1,1,-1,1,1,-1,0,-1,0,-1
178942,Marco Antônio Cabral,pmdb,RJ,-1,-1,-1,-1,-1,-1,-1,-1,-1,-1,-1,-1,-1,-1,-1,1,-1,-1,-1,-1,-1,1,0
178850,Marcos Rotta,pmdb,AM,1,1,1,1,1,1,1,-1,1,1,0,1,0,1,1,-1,1,1,-1,1,1,1,-1
74177,Marinha Raupp,pmdb,RO,-1,1,1,0,1,0,1,1,0,0,1,1,-1,1,0,1,1,-1,-1,0,1,1,0
181315,Marquinho Mendes,pmdb,RJ,1,1,1,1,1,1,1,-1,1,1,1,1,1,1,1,-1,1,1,-1,1,1,-1,-1
178843,Marx Beltrão,pmdb,AL,1,1,-1,1,1,1,1,-1,1,1,0,0,1,1,1,-1,1,1,-1,1,1,1,0
74749,Mauro Lopes,pmdb,MG,1,-1,0,1,1,1,1,1,1,-1,1,1,1,-1,1,1,1,1,1,-1,1,1,0
141507,Mauro Mariani,pmdb,SC,1,0,1,0,1,1,1,1,1,1,1,1,1,1,1,-1,0,1,1,1,1,1,0
124411,Mauro Pereira,pmdb,RS,1,1,1,0,1,1,1,1,1,1,1,1,0,1,1,1,1,1,0,0,1,1,0
178997,Moses Rodrigues,pmdb,CE,1,0,1,1,0,0,1,1,1,1,0,1,0,0,0,0,1,1,0,1,1,1,0
178896,Newton Cardoso Jr,pmdb,MG,1,1,1,1,1,1,1,1,-1,-1,1,1,1,1,1,-1,0,1,1,0,0,1,0
73463,Osmar Serraglio,pmdb,PR,1,1,-1,1,1,1,1,-1,1,1,-1,1,-1,1,1,-1,1,1,1,-1,-1,1,-1
73692,Osmar Terra,pmdb,RS,-1,1,1,-1,-1,-1,1,-1,0,0,1,-1,1,-1,0,-1,1,-1,1,0,1,1,0
74812,Pedro Chaves,pmdb,GO,-1,1,0,1,1,1,1,1,1,1,1,1,1,1,1,-1,1,1,1,0,1,1,0
122158,Pedro Paulo,pmdb,RJ,-1,-1,-1,-1,-1,-1,-1,1,-1,-1,-1,-1,-1,-1,-1,1,-1,-1,-1,-1,-1,1,0
141532,Rocha Loures,pmdb,PR,-1,-1,-1,-1,-1,-1,-1,1,-1,-1,-1,-1,-1,-1,-1,-1,-1,-1,-1,-1,-1,-1,-1
178897,Rodrigo Pacheco,pmdb,MG,1,-1,0,1,1,0,1,1,-1,-1,1,1,1,-1,1,1,1,1,1,-1,1,1,-2
160651,Rogério Peninha Mendonça,pmdb,SC,1,1,0,1,1,1,1,1,1,1,1,1,1,1,1,1,1,1,0,0,1,1,0
160515,Ronaldo Benedet,pmdb,SC,1,1,1,1,1,0,1,1,1,1,1,1,1,1,1,-1,1,1,1,1,1,1,0
74762,Saraiva Felipe,pmdb,MG,1,1,1,-1,1,-1,1,1,0,0,1,1,1,1,1,1,1,1,1,0,1,1,0
178933,Sergio Souza,pmdb,PR,1,0,1,1,1,1,1,1,1,1,1,1,1,0,1,1,1,1,1,1,-1,1,0
160612,Sergio Zveiter,pmdb,RJ,-1,1,1,-1,-1,-1,1,1,-1,-1,1,-1,1,1,1,1,-1,-1,-1,0,1,1,1
74765,Silas Brasileiro,pmdb,MG,1,1,0,-1,-1,-1,1,-1,-1,1,-1,-1,-1,1,1,-1,1,1,1,1,1,-1,-1
178911,Simone Morgado,pmdb,PA,1,1,1,0,0,0,1,0,0,0,1,1,1,1,-1,0,1,1,1,0,1,0,0
178946,Soraya Santos,pmdb,RJ,-1,-1,1,1,1,1,1,1,1,1,1,1,1,-1,1,1,1,1,-1,-1,1,1,0
74010,Valdir Colatto,pmdb,SC,1,0,1,-1,-1,-1,1,1,1,1,1,-1,1,1,1,1,0,1,1,0,1,1,0
141552,Valtenir Pereira,pmdb,MT,1,0,1,0,0,0,0,1,1,1,1,1,1,0,1,1,1,-1,1,0,1,0,-1
178913,Veneziano Vital do Rêgo,pmdb,PB,0,1,1,1,1,1,-1,0,1,1,0,1,1,1,1,0,1,1,1,0,1,1,1
178869,Vitor Valim,pmdb,CE,1,1,1,1,1,0,1,0,1,1,0,1,0,1,0,-1,1,-1,1,1,1,1,1
178952,Walter Alves,pmdb,RN,1,1,-1,1,1,1,1,-1,1,1,1,1,1,1,1,0,1,1,1,1,1,1,0
160620,Washington Reis,pmdb,RJ,1,-1,1,1,-1,1,-1,-1,0,0,1,-1,1,-1,1,-1,1,1,-1,-1,1,1,-1
193066,Wilson Beserra,pmdb,RJ,-1,-1,-1,-1,-1,-1,-1,1,-1,-1,-1,-1,-1,-1,-1,1,-1,-1,-1,-1,-1,-1,-1
191945,Zé Augusto Nalin,pmdb,RJ,-1,-1,-1,-1,-1,-1,-1,0,-1,-1,-1,-1,-1,-1,-1,1,-1,-1,-1,-1,-1,-1,0
178864,Adail Carneiro,pp,CE,1,0,0,1,1,1,1,1,0,0,1,1,0,1,1,1,1,1,1,0,1,1,-1
136811,Afonso Hamm,pp,RS,1,1,0,0,0,0,1,0,1,1,0,1,0,1,1,0,0,1,1,0,1,1,1
160527,Aguinaldo Ribeiro,pp,PB,1,1,0,1,1,1,0,1,-1,-1,1,1,1,1,1,1,1,1,1,0,1,1,0
178831,André Abdon,pp,AP,1,0,0,0,1,0,1,1,1,1,1,1,1,0,1,1,1,1,1,0,1,1,0
178882,André Fufuca,pp,MA,1,1,1,1,1,1,1,1,1,1,1,1,1,1,1,-1,1,1,0,0,1,1,0
160541,Arthur Lira,pp,AL,1,-1,0,1,1,1,-1,1,1,1,1,1,1,0,1,1,1,1,0,-1,-1,1,0
178948,Beto Rosado,pp,RN,1,1,0,0,1,1,-1,1,1,1,-1,1,0,1,1,-1,1,1,1,0,1,1,0
178906,Beto Salame,pp,PA,-1,1,1,0,0,0,1,0,0,0,1,1,1,1,0,0,1,1,1,0,1,-2,0
93083,Cacá Leão,pp,BA,1,1,0,1,1,1,1,1,1,1,1,1,1,1,1,1,1,1,1,0,1,-2,0
178848,Conceição Sampaio,pp,AM,0,1,1,1,1,0,-2,0,0,0,0,1,0,1,1,0,0,1,1,1,1,1,1
178963,Covatti Filho,pp,RS,1,1,1,1,1,1,1,1,1,1,1,1,0,1,1,-1,0,1,0,0,1,1,0
73768,Dilceu Sperafico,pp,PR,1,1,1,1,1,1,1,1,1,1,1,1,1,1,1,1,1,1,1,0,1,1,0
160599,Dimas Fabiano,pp,MG,1,1,0,1,1,1,1,0,1,1,1,1,0,1,1,1,1,1,1,1,1,1,0
141421,Eduardo da Fonte,pp,PE,-1,0,1,-1,-1,-1,1,0,1,1,1,-1,1,-1,1,1,-1,-1,-1,-1,-1,1,0
160649,Esperidião Amin,pp,SC,0,0,0,1,0,0,1,0,1,1,0,1,0,1,1,0,0,1,-1,0,1,1,1
178904,Ezequiel Fonseca,pp,MT,0,1,1,1,1,1,1,1,1,1,1,1,1,1,1,1,1,1,1,0,1,1,0
66828,Fausto Pinato,pp,SP,1,0,0,0,1,0,1,1,1,1,1,1,0,0,1,1,0,1,-1,0,1,1,0
92699,Fernando Monteiro,pp,PE,1,1,-1,1,1,1,0,1,1,1,-1,1,1,1,1,1,1,1,1,-1,1,-1,0
186775,Franklin Lima,pp,MG,1,0,0,0,1,0,1,1,1,1,1,1,0,1,1,1,1,1,1,0,-1,1,0
160667,Guilherme Mussi,pp,SP,1,-1,1,1,1,1,-1,-1,1,1,1,1,1,1,1,1,1,1,-1,0,1,1,0
178959,Hiran Gonçalves,pp,RR,1,0,1,1,1,0,1,1,1,1,1,1,1,0,1,1,1,1,-1,0,0,1,0
67138,Iracema Portella,pp,PI,1,1,1,1,1,1,1,1,-1,1,1,1,1,1,1,1,1,1,1,-1,1,1,0
160570,Jerônimo Goergen,pp,RS,1,-1,1,0,1,1,1,1,1,1,0,1,0,-1,1,1,1,1,0,-1,1,1,1
74388,Jorge Boeira,pp,SC,-1,0,-1,0,0,0,-1,0,1,1,0,1,0,0,0,0,-1,1,-1,1,-1,1,1
74395,José Otávio Germano,pp,RS,1,-1,1,1,0,-1,1,-1,1,1,0,-1,0,-1,1,-1,0,1,-1,-1,1,1,0
74253,Julio Lopes,pp,RJ,1,0,-2,1,1,1,1,1,1,1,1,1,1,1,1,1,-1,1,-1,0,1,1,0
73483,Luis Carlos Heinze,pp,RS,1,0,1,1,1,1,1,1,1,1,0,1,0,1,1,1,0,1,1,0,1,1,1
141487,Luiz Fernando Faria,pp,MG,1,1,1,1,1,-1,-1,1,1,1,1,-1,1,1,1,1,1,1,-1,0,1,1,0
141480,Lázaro Botelho,pp,TO,1,1,1,1,1,1,1,1,1,1,1,1,1,1,1,1,1,1,-1,-1,1,1,0
178867,Macedo,pp,CE,1,1,1,1,1,0,-1,-1,-1,-1,1,1,1,1,0,-1,1,1,1,0,1,0,0
151965,Maia Filho,pp,PI,0,1,1,1,1,1,1,1,0,0,-1,1,-1,1,-1,1,1,-1,-1,-1,1,-1,0
178932,Marcelo Belinati,pp,PR,1,0,0,1,0,0,1,-1,1,1,0,1,0,0,0,-1,0,0,1,1,1,1,-1
74235,Marcus Vicente,pp,ES,1,-1,0,1,1,1,1,1,1,1,1,1,0,-1,1,1,0,1,1,0,1,1,0
178858,Mário Negromonte Jr.,pp,BA,1,1,1,1,1,1,1,1,1,1,1,-1,1,1,1,1,1,1,-1,0,1,-2,0
73781,Nelson Meurer,pp,PR,1,1,1,1,1,1,1,1,1,1,1,1,1,1,0,1,1,1,1,0,1,1,0
74752,Odelmo Leão,pp,MG,1,1,0,1,1,0,1,-1,1,1,0,1,0,1,1,-1,0,1,1,0,1,1,-1
141517,Paulo Henrique Lustosa,pp,CE,-1,-1,-1,-1,-1,-1,-1,-1,-1,-1,-1,-1,-1,-1,-1,1,-1,-1,-1,-1,-1,-1,0
132056,Paulo Maluf,pp,SP,-1,-1,-1,1,1,-1,1,1,1,1,1,-1,1,1,1,-1,-1,1,-1,0,-1,1,0
171620,Renato Andrade,pp,MG,-1,-1,-1,-1,-1,-1,-1,0,-1,-1,-1,-1,-1,-1,-1,1,-1,-1,-1,-1,-1,-1,0
141527,Renato Molling,pp,RS,-1,1,1,1,1,1,-1,1,1,1,-1,1,0,1,1,1,0,1,1,1,1,1,0
160654,Renzo Braz,pp,MG,1,1,-1,1,1,1,-1,1,1,1,1,1,0,1,-1,1,1,1,-1,0,-1,1,0
73788,Ricardo Barros,pp,PR,1,0,-1,1,1,1,-1,-1,0,0,1,1,1,0,1,-1,-1,-1,-1,-1,-1,1,-1
160655,Ricardo Izar,pp,SP,1,0,-1,1,1,1,1,1,1,1,1,1,1,1,1,1,1,0,-1,0,1,1,0
73674,Roberto Balestra,pp,GO,1,0,1,1,1,-1,1,1,1,1,0,1,-1,1,1,-1,0,1,1,1,1,1,0
141529,Roberto Britto,pp,BA,1,1,0,1,-1,1,1,1,1,1,1,1,1,1,1,1,1,1,1,0,1,0,0
178861,Ronaldo Carletto,pp,BA,1,1,-2,1,1,1,1,1,1,1,1,1,1,1,1,1,1,1,1,0,1,0,-1
178870,Rôney Nemer,pp,DF,0,1,1,1,1,0,1,0,1,1,-1,0,1,1,1,0,1,1,1,1,1,1,-1
74372,Sandes Júnior,pp,GO,-1,1,1,1,1,0,1,-1,1,1,1,1,0,1,1,-1,1,1,1,1,1,-1,-1
73424,Simão Sessim,pp,RJ,1,-1,-1,-1,-1,-1,-1,1,1,1,1,-1,1,-1,1,1,-1,1,-1,-1,-1,1,0
160611,Toninho Pinheiro,pp,MG,1,1,-1,1,1,1,1,1,1,1,1,1,1,1,1,1,1,1,1,0,1,1,0
141558,Waldir Maranhão,pp,MA,-1,-1,-1,1,1,1,-1,1,0,1,1,1,1,-1,-1,0,1,-1,1,-1,-1,0,1
178972,Alex Manente,pps,SP,1,0,1,0,0,0,1,1,1,1,0,1,0,0,1,0,1,1,1,1,1,1,1
160602,Arnaldo Jordy,pps,PA,1,0,1,0,0,0,1,0,0,0,0,1,0,0,0,0,-1,0,-1,1,1,1,1
160600,Arthur Oliveira Maia,pps,BA,1,-1,-2,1,1,1,1,1,1,1,0,1,0,-1,1,1,1,-1,-1,-1,1,1,0
164360,Carmen Zanotto,pps,SC,1,0,1,0,0,0,1,0,0,0,0,1,0,0,1,0,1,1,1,1,1,1,1
178883,Eliziane Gama,pps,MA,0,0,1,0,0,0,1,0,0,0,0,1,0,0,0,0,1,0,0,1,1,1,1
198198,Luzia Ferreira,pps,MG,-1,-1,-1,-1,-1,-1,-1,1,-1,-1,-1,-1,-1,-1,-1,-1,-1,-1,-1,-1,-1,-1,1
178880,Marcos Abrão,pps,GO,1,0,1,0,0,0,1,1,0,1,0,1,0,0,1,1,1,1,0,1,1,1,1
195997,Pollyana Gama,pps,SP,-1,-1,-1,-1,-1,-1,-1,1,-1,-1,-1,-1,-1,-1,-1,0,-1,-1,-1,-1,-1,-1,1
74048,Raul Jungmann,pps,PE,-1,0,-1,-1,0,-1,1,-1,0,0,0,0,0,0,1,-1,1,0,-1,0,-1,-1,-1
73805,Roberto Freire,pps,SP,-1,0,1,0,0,0,1,-1,0,0,-1,1,0,0,1,-1,1,1,1,0,-2,-1,1
73466,Rubens Bueno,pps,PR,1,0,1,0,0,0,1,1,0,0,0,1,0,0,1,1,1,1,0,1,1,1,1
178968,Adelson Barreto,pr,SE,1,1,1,1,1,1,1,0,1,1,0,1,0,1,1,0,1,0,-1,1,1,1,1
141372,Aelton Freitas,pr,MG,1,1,1,0,1,1,1,1,1,1,1,1,1,1,1,-1,1,1,1,0,1,0,0
178936,Alexandre Valle,pr,RJ,1,0,1,0,1,1,1,-1,-1,-1,1,1,0,1,1,0,1,1,1,1,1,1,0
178846,Alfredo Nascimento,pr,AM,1,-1,-1,0,1,1,1,1,-1,-1,1,1,1,-1,1,0,1,1,1,-1,-1,1,0
160551,Anderson Ferreira,pr,PE,1,0,1,0,1,1,1,-1,1,1,1,1,1,1,1,-1,0,1,1,-1,1,1,-1
141513,Bilac Pinto,pr,MG,1,1,1,0,1,1,1,1,1,1,1,1,1,1,1,1,1,1,1,0,1,1,0
178999,Brunny,pr,MG,0,0,1,0,-1,0,0,1,1,1,1,-1,1,0,0,-1,-1,0,1,0,1,0,0
178865,Cabo Sabino,pr,CE,0,1,0,0,1,0,1,0,1,1,1,1,1,0,0,0,-1,-1,1,1,1,1,1
194261,Cajar Nardes,pr,RS,-1,-1,-1,-1,-1,-1,-1,1,-1,-1,-1,-1,-1,-1,-1,1,-1,-1,-1,-1,-1,-1,0
178829,Capitão Augusto,pr,SP,1,0,1,0,1,1,1,1,1,1,1,1,1,1,1,1,1,1,1,0,1,1,1
178928,Christiane de Souza Yared,pr,PR,0,0,1,0,0,0,1,0,0,0,0,1,0,0,0,0,1,1,1,0,1,1,1
178939,Clarissa Garotinho,pr,RJ,1,0,1,0,0,0,1,-1,0,0,1,1,0,1,0,-1,-1,0,1,0,1,-1,-1
178893,Delegado Edson Moreira,pr,MG,0,0,0,0,1,1,1,1,1,1,1,1,1,0,1,1,0,1,1,0,1,1,0
164359,Delegado Waldir,pr,GO,1,1,1,1,1,1,1,0,1,1,0,1,0,0,1,0,1,1,1,1,1,1,-1
178940,Dr. João,pr,RJ,1,0,-2,0,1,1,1,-1,1,1,1,1,1,1,1,-1,0,1,1,0,1,1,-1
141417,Edio Lopes,pr,RR,1,1,0,1,1,1,1,1,1,1,1,1,1,1,1,1,1,1,-1,0,1,0,0
74383,Giacobo,pr,PR,-1,1,-1,0,1,1,-1,1,1,1,1,-1,1,1,1,-1,-1,-1,-1,0,1,1,0
160673,Giovani Cherini,pr,RS,1,1,1,0,-1,0,1,-1,0,0,0,1,0,1,1,-1,1,1,0,0,1,1,-1
129618,Gorete Pereira,pr,CE,1,1,1,-1,-1,-1,1,1,1,1,1,-1,1,1,1,1,1,1,1,-1,1,-2,0
160509,Jorginho Mello,pr,SC,1,-1,1,0,-1,1,-1,1,1,1,1,-1,1,-1,1,-1,1,1,-1,-1,1,1,1
74140,José Carlos Araújo,pr,BA,1,1,1,0,1,1,1,1,1,1,1,1,-1,1,1,1,0,1,-1,0,1,0,0
74554,José Rocha,pr,BA,1,-1,1,0,1,1,1,1,1,1,1,1,1,-1,1,1,1,1,-1,-1,1,0,0
141458,João Carlos Bacelar,pr,BA,1,-1,0,0,1,1,-1,1,1,-1,1,1,1,1,0,1,-1,1,-1,0,1,0,0
141478,Laerte Bessa,pr,DF,0,1,0,0,1,1,-1,1,1,1,1,1,1,1,-1,1,1,1,1,-1,1,1,0
178955,Luiz Cláudio,pr,RO,1,-2,1,0,1,1,1,1,1,1,1,1,1,1,1,-1,-2,1,1,0,1,1,0
162332,Luiz Nishimori,pr,PR,1,1,1,0,1,1,1,1,1,1,1,1,1,1,1,1,1,1,1,0,1,1,0
141484,Lúcio Vale,pr,PA,0,0,0,0,1,1,1,1,1,1,1,1,1,1,-1,1,1,1,1,0,1,0,0
166402,Magda Mofatto,pr,GO,-1,1,0,0,1,1,1,1,1,1,1,1,1,1,1,1,1,1,-1,0,1,1,0
195826,Marcelo Delaroli,pr,RJ,-1,-1,-1,-1,-1,-1,-1,1,-1,-1,-1,-1,-1,-1,-1,0,-1,-1,-1,-1,-1,-1,0
179000,Marcelo Álvaro Antônio,pr,MG,1,0,1,1,1,0,1,0,1,1,1,1,0,0,1,1,1,1,1,0,1,1,1
178983,Marcio Alvino,pr,SP,1,1,-2,0,1,1,1,1,1,1,1,1,1,1,1,1,1,1,-1,0,1,1,0
74050,Maurício Quintella Lessa,pr,AL,-1,1,-2,0,1,1,1,-1,1,1,1,1,1,1,1,-1,1,-1,-1,0,1,1,0
178985,Miguel Lombardi,pr,SP,1,1,-2,0,1,1,1,1,1,1,1,1,1,1,1,1,1,1,1,0,1,1,0
74787,Milton Monti,pr,SP,1,1,-2,0,1,1,1,1,1,1,1,1,1,1,1,-1,1,-1,1,0,1,1,0
74017,Paulo Feijó,pr,RJ,1,0,1,-1,-1,-1,1,1,1,1,1,-1,0,1,1,1,0,1,1,0,1,1,0
160558,Paulo Freire,pr,SP,1,0,-2,0,1,0,-1,-1,1,1,0,1,0,1,-1,0,-1,1,1,0,1,1,0
178960,Remídio Monai,pr,RR,-1,1,0,0,1,1,1,1,1,1,-1,1,1,1,1,1,1,1,-1,0,1,1,0
187008,Silas Freire,pr,PI,0,0,1,0,0,1,1,1,1,1,1,1,1,1,0,1,1,0,1,0,1,-1,1
160976,Tiririca,pr,SP,1,1,1,0,1,1,1,0,1,1,1,1,0,1,0,0,1,1,1,0,1,1,1
137070,Vicentinho Júnior,pr,TO,0,1,0,0,1,1,1,1,1,1,1,1,1,1,1,1,-1,1,-1,0,1,0,-1
160591,Vinicius Gurgel,pr,AP,-1,0,0,0,1,1,1,1,1,1,-1,1,1,1,1,-1,-1,-1,1,0,-1,-2,0
74043,Wellington Roberto,pr,PB,1,1,1,0,1,1,1,-1,1,-1,1,1,1,1,1,-1,1,-1,-1,0,1,0,1
178949,Zenaide Maia,pr,RN,0,1,1,0,1,1,1,0,0,0,1,1,1,1,-2,0,1,0,1,0,1,0,1
178836,Alan Rick,prb,AC,0,1,1,0,1,0,1,1,1,1,1,1,0,1,1,0,1,1,1,0,1,1,1
141383,Antonio Bulhões,prb,SP,1,0,0,0,1,0,1,1,1,1,1,1,1,0,0,1,1,1,1,0,1,1,0
73437,Beto Mansur,prb,SP,1,-1,0,0,1,1,1,1,1,1,-1,1,1,-1,1,1,1,1,1,-1,-1,1,0
178962,Carlos Gomes,prb,RS,1,1,0,0,1,0,1,1,1,1,1,1,1,1,1,1,1,1,0,0,1,1,1
73441,Celso Russomanno,prb,SP,1,0,1,0,1,0,-1,1,1,1,1,1,1,0,-1,1,1,1,-1,0,1,1,0
141408,Cleber Verde,prb,MA,1,-1,1,0,1,0,-1,1,1,1,1,1,1,-1,1,1,1,1,-1,-1,1,1,0
160576,César Halum,prb,TO,1,-1,0,0,1,1,1,1,1,1,1,1,1,1,1,1,1,1,1,1,1,1,1
196357,Dejorge Patrício,prb,RJ,-1,-1,-1,-1,-1,-1,-1,0,-1,-1,-1,-1,-1,-1,-1,-1,-1,-1,-1,-1,-1,-1,-1
160531,Jhonatan de Jesus,prb,RR,0,1,-1,0,1,0,1,-1,1,1,-1,1,0,0,1,1,1,1,1,0,-1,1,0
178971,Jony Marcos,prb,SE,1,0,1,0,1,0,0,0,1,1,1,1,1,0,0,0,-1,0,-1,1,1,1,1
74366,João Campos,prb,GO,1,0,-2,0,1,1,1,-1,1,1,0,1,0,1,1,1,1,1,1,1,1,1,0
74585,Lincoln Portela,prb,MG,-2,-1,1,0,1,0,1,0,1,1,1,1,-1,-1,0,0,1,0,1,-1,1,1,1
141483,Lindomar Garçon,prb,RO,-1,1,-1,1,1,1,-1,1,-2,1,1,1,1,1,1,1,1,1,0,1,-1,1,0
118594,Marcelo Squassoni,prb,SP,1,0,-2,0,1,0,1,1,1,1,1,1,0,1,1,1,1,1,1,1,1,1,0
150418,Márcio Marinho,prb,BA,1,0,-1,0,1,0,1,1,1,1,1,1,0,0,0,1,1,1,1,0,1,1,0
193982,Pastor Luciano Braga,prb,BA,-1,-1,-1,-1,-1,-1,-1,1,-1,-1,-1,-1,-1,-1,-1,-2,-1,-1,-1,-1,-1,-1,0
152610,Roberto Alves,prb,SP,0,0,1,0,1,0,1,1,1,1,1,1,1,0,-1,1,1,1,1,0,1,1,0
178944,Roberto Sales,prb,RJ,0,0,1,0,1,0,1,-1,1,1,1,1,-1,1,1,1,1,-1,1,0,1,1,0
122466,Ronaldo Martins,prb,CE,0,0,0,0,1,0,1,0,1,1,1,1,0,0,0,0,1,1,1,0,1,1,1
178945,Rosangela Gomes,prb,RJ,1,0,1,0,1,0,1,1,1,1,1,1,0,0,1,-1,1,1,1,0,1,1,0
74356,Silas Câmara,prb,AM,1,1,-2,0,1,1,1,1,-1,-1,1,1,1,1,-1,1,0,1,1,0,1,1,0
178991,Sérgio Reis,prb,SP,-1,-1,-1,0,1,0,1,-1,-1,-1,1,1,1,-1,-1,1,1,1,1,-1,-1,1,1
178862,Tia Eron,prb,BA,1,0,1,0,1,0,-1,-1,1,1,1,1,0,0,1,-1,1,1,1,0,1,1,-1
141555,Vinicius Carvalho,prb,SP,0,0,0,0,1,0,1,1,1,1,1,1,1,0,1,1,1,1,1,0,1,1,0
74213,Antonio Balhmann,pros,CE,-1,-1,0,0,0,1,-1,-1,1,1,1,1,1,-1,1,-1,-1,-1,-1,-1,1,-1,-1
160640,Eros Biondini,pros,MG,1,1,1,1,1,1,1,0,0,1,0,1,0,1,0,0,1,1,-1,0,1,1,1
141430,Felipe Bornier,pros,RJ,-1,1,1,1,1,1,1,0,1,1,0,1,0,1,-1,1,0,1,1,1,1,1,1
178868,Odorico Monteiro,pros,CE,1,1,1,0,0,0,-2,0,0,0,1,1,1,1,0,0,-1,0,1,0,1,0,1
160637,Ronaldo Fonseca,pros,DF,1,0,0,0,0,0,1,0,1,1,0,1,0,0,1,0,-1,1,1,1,1,1,0
178934,Toninho Wandscheer,pros,PR,1,1,1,0,0,0,1,1,0,-1,1,1,1,1,0,1,1,-1,0,0,-1,1,0
74308,Vicente Arruda,pros,CE,1,-1,-1,-1,-1,-1,0,-1,-1,-1,-1,-1,-1,-1,-1,-1,1,-1,1,-1,-1,0,-1
194260,Nivaldo Albuquerque,prp,AL,-1,-1,-1,-1,-1,-1,-1,1,-1,-1,-1,-1,-1,-1,-1,1,-1,-1,-1,-1,-1,-1,-1
178903,Adilton Sachetti,psb,MT,1,1,0,0,1,1,1,-1,1,1,1,1,0,1,1,1,1,1,0,1,1,1,0
178834,Bebeto,psb,BA,-1,1,1,0,0,0,0,0,0,0,0,1,0,1,0,-1,0,0,-1,0,-1,0,1
194258,Creuza Pereira,psb,PE,-1,-1,-1,-1,-1,-1,-1,-1,-1,-1,-1,-1,-1,-1,-1,0,-1,-1,-1,-1,-1,-1,-1
178838,César Messias,psb,AC,1,1,0,0,-1,0,1,-1,0,0,0,-1,0,1,-1,1,-1,-1,-1,0,1,0,1
160528,Danilo Cabral,psb,PE,-1,-1,-1,-1,-1,-1,-1,0,-1,-1,-1,-1,-1,-1,-1,0,-1,-1,-1,-1,-1,1,1
62881,Danilo Forte,psb,CE,-1,1,0,1,1,1,1,1,1,1,1,1,0,1,1,-1,0,1,-1,0,1,1,0
178905,Fabio Garcia,psb,MT,1,1,0,0,1,1,1,1,1,1,1,1,0,1,1,-1,1,1,-1,1,1,1,0
190149,Fabricio Oliveira,psb,SC,0,-1,-1,-1,-1,-1,1,-1,-1,-1,-1,-1,-1,-1,-1,-1,1,-1,1,-1,-1,-1,-1
141431,Fernando Coelho Filho,psb,PE,1,1,0,0,1,1,1,1,0,0,1,1,0,1,1,-1,1,0,1,0,1,1,0
178978,Flavinho,psb,SP,0,0,1,0,0,0,1,0,0,0,0,1,0,1,1,0,1,0,1,0,1,1,1
141441,George Hilton,psb,MG,-1,-1,-1,-1,-1,-1,-1,-1,-1,-1,-1,-1,-1,-1,-1,0,-1,-1,-1,-1,-1,0,1
74419,Gonzaga Patriota,psb,PE,0,0,1,0,0,0,-1,0,1,1,0,1,0,1,1,-1,1,1,-1,0,1,1,1
178964,Heitor Schuch,psb,RS,0,1,1,0,0,0,1,0,0,0,0,1,0,1,0,-1,1,0,-1,0,1,1,1
97707,Heráclito Fortes,psb,PI,1,-1,-1,1,1,1,1,1,-2,1,-1,1,0,1,1,-1,1,0,1,0,-1,1,0
141450,Hugo Leal,psb,RJ,1,-1,1,1,1,1,1,-1,0,0,1,1,1,-1,1,-1,1,-1,-1,-1,-1,1,1
178842,JHC,psb,AL,0,1,1,0,0,0,1,0,0,1,0,1,0,0,-1,-1,1,1,1,1,1,1,1
73926,Janete Capiberibe,psb,AP,0,1,1,0,0,0,-1,0,0,0,-1,1,-1,1,0,0,-1,-1,-1,0,1,0,1
160607,Jose Stédile,psb,RS,0,1,1,0,0,0,1,0,0,0,0,1,0,1,0,0,0,0,-1,0,1,1,1
73714,José Reinaldo,psb,MA,1,1,0,1,1,1,-1,1,1,1,1,1,1,1,1,1,1,-1,0,0,1,1,0
178917,João Fernando Coutinho,psb,PE,0,1,1,0,1,0,-2,1,0,0,1,1,0,1,1,-1,0,0,1,0,1,1,-1
73586,Júlio Delgado,psb,MG,0,1,1,0,0,1,1,0,0,-2,0,1,-1,1,1,0,1,0,1,0,1,1,1
160659,Keiko Ota,psb,SP,-1,1,1,0,1,1,1,0,1,1,1,1,1,1,1,-1,0,0,-1,0,1,1,1
160663,Leopoldo Meyer,psb,PR,1,-1,1,0,0,0,1,0,0,0,0,1,0,1,1,1,1,0,-1,0,1,1,1
81366,Luana Costa,psb,MA,-1,-1,-1,-1,-1,-1,-1,0,-1,-1,-1,-1,-1,-1,-1,-1,-1,-1,-1,-1,-1,-1,1
178931,Luciano Ducci,psb,PR,0,1,1,0,1,1,1,0,1,1,0,1,0,1,1,1,1,1,-1,0,1,1,-1
178982,Luiz Lauro Filho,psb,SP,0,0,0,0,1,1,1,1,1,1,-1,1,1,1,1,1,1,0,1,0,1,1,1
64960,Maria Helena,psb,RR,0,1,1,0,1,1,1,1,0,0,0,1,0,1,0,1,-1,0,-1,0,1,1,0
178919,Marinaldo Rosendo,psb,PE,0,1,1,1,0,0,1,1,1,1,1,1,0,1,1,1,1,-1,-1,0,1,1,0
160517,Paulo Foletto,psb,ES,1,1,1,0,0,0,1,1,0,1,0,1,0,1,1,-1,0,1,1,0,1,1,1
178951,Rafael Motta,psb,RN,1,1,1,0,1,0,1,0,0,1,1,1,-1,1,-1,0,1,1,0,-1,1,1,1
178926,Rodrigo Martins,psb,PI,0,1,1,0,0,1,1,1,-1,-1,0,1,0,1,1,1,1,0,0,0,1,1,1
167614,Severino Ninho,psb,PE,-1,-1,-1,-1,-1,-1,-1,-1,-1,-1,-1,-1,-1,-1,-1,0,-1,-1,-1,-1,-1,-1,-1
178922,Tadeu Alencar,psb,PE,0,1,1,0,0,0,0,0,0,0,1,1,0,1,0,-1,0,0,-1,0,1,1,1
178898,Tenente Lúcio,psb,MG,0,1,1,0,1,1,1,1,0,0,0,1,1,1,1,1,0,0,1,1,1,1,0
178901,Tereza Cristina,psb,MS,1,1,1,-1,1,-1,1,1,0,1,1,1,1,1,1,1,0,1,0,0,1,1,0
141384,Valadares Filho,psb,SE,0,-1,1,0,1,0,1,0,0,1,0,1,0,-1,-1,-1,1,0,1,-1,1,1,1
74459,Átila Lira,psb,PI,1,1,1,0,1,1,1,1,0,0,1,1,1,1,0,1,1,0,1,0,1,1,0
160543,Andre Moura,psc,SE,-1,1,1,1,1,1,1,1,1,1,-1,1,0,1,1,1,0,-1,-1,-1,1,1,0
74833,Arolde de Oliveira,psc,RJ,-1,-1,-1,-1,-1,-1,-1,1,-1,-1,-1,-1,-1,-1,-1,1,-1,-1,-1,-1,-1,1,1
92346,Eduardo Bolsonaro,psc,SP,0,1,0,1,1,1,1,1,1,1,0,1,0,1,-1,1,0,1,1,-2,1,1,1
74270,Gilberto Nascimento,psc,SP,1,-1,1,1,1,1,1,1,1,1,0,1,0,-1,1,-1,0,1,-1,-1,1,1,-1
178855,Irmão Lazaro,psc,BA,-1,1,1,0,0,1,1,0,-1,1,0,1,0,0,1,0,1,1,-1,1,1,1,1
74847,Jair Bolsonaro,psc,RJ,0,1,0,1,1,1,1,1,1,1,0,1,0,1,-1,-2,0,1,1,0,1,1,1
67312,Júlia Marinho,psc,PA,1,1,1,-1,1,-1,1,0,1,1,0,1,0,1,1,1,0,1,1,1,1,1,0
160601,Pr. Marco Feliciano,psc,SP,1,1,1,1,1,0,1,1,1,1,-1,1,-1,0,0,-2,0,1,-1,1,1,1,0
148134,Professor Victório Galli,psc,MT,1,1,1,1,1,0,1,1,1,1,0,1,0,1,1,1,0,1,1,1,1,1,0
74385,Takayama,psc,PR,-1,-1,-1,-1,-1,-1,1,1,-1,1,-1,-1,-1,-1,-1,-1,1,-1,1,-1,-1,1,0
74471,André de Paula,psd,PE,-1,-1,-1,-1,-1,-1,-1,1,-1,-1,-1,-1,-1,-1,-1,1,-1,-1,-1,-1,-1,1,1
160553,Antonio Brito,psd,BA,-2,1,-2,1,1,1,1,0,0,0,0,1,-2,0,1,-1,1,1,-1,0,1,0,1
73720,Cesar Souza,psd,SC,1,0,1,1,1,1,1,-1,1,1,-1,1,1,1,1,-2,0,1,1,1,-1,1,0
160552,Danrlei de Deus Hinterholz,psd,RS,1,1,1,0,1,1,1,1,1,1,1,1,1,1,0,1,1,1,1,0,1,1,1
178908,Delegado Éder Mauro,psd,PA,0,0,1,0,1,1,1,1,1,1,0,1,1,1,-2,-1,1,1,1,0,1,1,0
160588,Diego Andrade,psd,MG,1,-1,-1,0,1,1,1,-1,1,1,1,1,1,-1,1,1,1,1,1,-1,1,1,0
143632,Domingos Neto,psd,CE,1,-1,-2,1,1,0,1,1,0,-1,1,1,1,-1,1,1,1,1,-1,-1,1,0,0
160578,Edmar Arruda,psd,PR,-1,1,-1,1,1,0,1,1,1,1,0,1,1,1,-1,1,0,-1,1,1,-1,-1,0
178930,Evandro Roman,psd,PR,1,0,1,0,1,1,1,1,1,1,1,1,1,1,1,1,1,1,1,0,1,1,0
178953,Expedito Netto,psd,RO,0,1,-1,0,1,1,1,0,0,1,0,1,-1,1,1,0,1,1,1,0,-1,1,1
160676,Fernando Torres,psd,BA,1,-1,0,1,1,1,1,-1,0,0,1,1,-1,-1,1,-1,1,1,1,-1,1,0,1
141428,Fábio Faria,psd,RN,1,1,1,0,1,1,-2,1,1,1,1,1,1,1,1,1,1,1,1,0,1,1,0
178969,Fábio Mitidieri,psd,SE,0,1,-1,0,1,1,1,0,1,1,1,1,1,1,1,0,0,1,1,0,1,0,1
178980,Goulart,psd,SP,1,1,-2,0,1,1,1,1,1,1,-1,1,1,1,1,-1,-1,0,1,0,1,1,0
178981,Herculano Passos,psd,SP,1,0,-2,0,1,1,1,1,1,1,1,1,1,1,1,1,1,1,1,0,1,1,0
160596,Heuler Cruvinel,psd,GO,1,0,0,-1,-1,-1,1,1,1,1,1,-1,0,1,1,0,0,1,0,0,1,1,0
141389,Indio da Costa,psd,RJ,-1,0,-2,0,1,1,1,-1,1,1,-1,1,1,0,-1,-1,1,1,1,1,1,1,-1
81232,Irajá Abreu,psd,TO,1,-1,1,-1,-1,-1,1,1,1,1,1,-1,1,-1,1,1,-1,1,-1,-1,1,0,1
74665,Jaime Martins,psd,MG,1,1,-1,1,1,1,1,1,1,1,1,1,1,1,1,-1,1,1,-1,1,-1,1,0
74273,Jefferson Campos,psd,SP,1,1,-2,1,1,1,1,1,1,1,0,1,0,1,1,-1,-1,1,-1,0,1,1,1
178910,Joaquim Passarinho,psd,PA,-1,0,1,0,1,1,1,1,1,1,0,1,1,1,1,1,1,1,1,0,1,1,1
160619,José Nunes,psd,BA,1,1,1,1,0,0,-1,0,1,1,1,1,1,1,1,1,1,1,1,1,1,0,1
178967,João Paulo Kleinübing,psd,SC,-1,-1,-1,-1,-1,-1,-1,1,-1,-1,-1,-1,-1,-1,-1,1,-1,-1,-1,-1,-1,1,0
160571,João Rodrigues,psd,SC,1,0,0,1,1,1,1,1,1,1,0,1,0,1,1,0,0,1,1,0,1,1,0
74317,Júlio Cesar,psd,PI,1,1,-2,1,1,1,1,1,1,1,1,1,1,1,1,1,1,1,1,0,1,1,0
141500,Marcos Montes,psd,MG,1,0,0,1,1,1,1,1,1,1,1,1,1,1,1,1,1,1,1,1,1,1,0
178852,Marcos Reategui,psd,AP,0,1,-2,0,1,0,-1,1,0,1,0,1,-1,1,0,1,1,0,-1,1,1,1,-1
74574,Paulo Magalhães,psd,BA,1,0,0,0,1,0,1,1,0,0,1,1,1,1,-1,1,1,1,1,0,1,0,1
178998,Raquel Muniz,psd,MG,1,1,1,1,1,0,1,1,1,1,0,1,0,1,1,1,0,1,1,0,1,1,0
73786,Reinhold Stephanes,psd,PR,-1,-1,-1,-1,-1,-1,-1,1,-1,-1,-1,-1,-1,-1,-1,1,-1,-1,-1,-1,-1,-1,-1
160426,Rogério Rosso,psd,DF,1,1,1,0,1,1,1,1,1,1,1,1,1,1,1,0,-2,1,1,1,1,1,0
141536,Rômulo Gouveia,psd,PB,0,1,1,1,1,1,1,1,1,1,1,1,1,1,1,1,1,1,1,1,1,1,0
160621,Sandro Alex,psd,PR,1,0,1,0,0,0,1,1,1,1,0,1,0,0,1,1,1,1,1,1,1,1,1
92776,Stefano Aguiar,psd,MG,1,1,-2,1,1,1,1,0,1,1,0,1,0,1,1,0,0,0,-1,0,1,1,1
73808,Sérgio Brito,psd,BA,1,1,0,1,1,0,1,-1,1,1,1,1,1,1,1,1,1,1,1,1,1,0,1
160617,Thiago Peixoto,psd,GO,1,-1,-1,-1,-1,-1,-1,1,-1,-1,-1,-1,-1,-1,-1,1,-1,-1,-1,-1,-1,1,0
178888,Victor Mendes,psd,MA,1,0,1,1,1,0,1,1,-1,-1,1,1,1,1,1,1,1,0,0,0,1,1,0
141560,Walter Ihoshi,psd,SP,-1,0,0,0,1,1,1,1,1,1,1,1,1,0,1,-1,-2,1,1,0,1,-1,0
74090,Átila Lins,psd,AM,-1,1,0,-1,1,-1,1,1,1,1,1,1,1,-1,1,1,1,1,1,-1,1,1,0
196359,Adérmis Marini,psdb,SP,-1,-1,-1,-1,-1,-1,-1,1,-1,-1,-1,-1,-1,-1,-1,1,-1,-1,-1,-1,-1,-1,-1
160530,Antonio Imbassahy,psdb,BA,1,0,0,0,1,1,1,-1,1,1,0,1,0,0,1,-1,1,1,1,1,1,1,0
178847,Arthur Virgílio Bisneto,psdb,AM,1,0,1,1,1,1,1,1,1,1,0,1,0,1,1,0,1,1,1,0,1,1,0
178915,Betinho Gomes,psdb,PE,1,0,1,0,1,1,-2,1,0,0,0,1,0,1,1,0,1,1,1,1,1,1,1
74650,Bonifácio de Andrada,psdb,MG,1,0,1,1,1,1,1,-1,1,1,-1,1,0,0,-1,-1,0,1,1,0,1,1,0
160589,Bruna Furlan,psdb,SP,1,0,1,1,1,1,1,1,1,1,-1,1,0,1,1,1,-1,1,-1,0,1,1,0
141394,Bruno Araújo,psdb,PE,1,0,-2,1,1,1,1,1,1,1,-1,1,0,1,-1,-1,1,1,1,0,1,1,0
178976,Bruno Covas,psdb,SP,1,0,0,0,1,1,1,-1,1,1,0,1,0,0,1,-1,1,0,1,0,1,1,-1
178891,Caio Narcio,psdb,MG,1,0,-2,0,1,1,1,1,1,1,0,1,0,1,1,1,0,1,1,0,-1,1,0
74262,Carlos Sampaio,psdb,SP,-1,0,1,0,1,1,1,1,1,1,0,1,0,1,-1,1,-1,1,-1,0,1,1,1
178876,Célio Silveira,psdb,GO,1,0,-2,1,1,1,1,1,1,1,0,1,0,1,1,0,1,1,0,0,1,1,0
178916,Daniel Coelho,psdb,PE,1,0,1,1,1,-2,-2,1,1,1,0,1,0,1,1,0,0,0,1,1,1,1,1
160758,Domingos Sávio,psdb,MG,1,0,-2,0,1,1,1,1,1,1,0,1,-1,1,1,1,0,1,-1,0,1,1,0
74655,Eduardo Barbosa,psdb,MG,1,1,1,0,1,1,1,1,0,0,0,1,0,1,1,1,0,1,1,0,1,1,-1
178977,Eduardo Cury,psdb,SP,1,0,-2,0,1,1,1,1,1,1,0,1,0,0,1,1,0,1,-1,1,1,1,1
181316,Elizeu Dionizio,psdb,MS,1,1,1,0,1,0,1,1,1,1,1,1,1,1,1,1,0,1,1,0,1,1,0
178877,Fábio Sousa,psdb,GO,1,0,-2,1,1,1,1,1,1,1,0,0,0,0,1,1,1,-1,0,1,1,1,1
178966,Geovania de Sá,psdb,SC,1,1,1,0,1,1,1,0,1,1,0,1,0,1,0,0,-1,-1,1,0,1,1,1
74374,Geraldo Resende,psdb,MS,1,1,1,0,1,1,1,1,1,1,-1,1,1,1,1,1,1,1,0,0,1,1,0
178878,Giuseppe Vecci,psdb,GO,1,0,1,-2,1,1,1,1,1,1,0,1,0,1,1,1,-1,1,0,0,1,1,0
194259,Guilherme Coelho,psdb,PE,-1,-1,-1,-1,-1,-1,-1,-1,-1,-1,-1,-1,-1,-1,-1,1,-1,-1,-1,-1,-1,-1,-1
4931,Izalci Lucas,psdb,DF,1,0,0,0,1,1,1,1,1,1,0,1,0,1,1,1,1,1,1,0,1,1,0
196378,Izaque Silva,psdb,SP,-1,-1,-1,-1,-1,-1,-1,1,-1,-1,-1,-1,-1,-1,-1,0,-1,-1,-1,-1,-1,-1,1
74445,João Castelo,psdb,MA,1,0,1,1,1,1,1,-1,1,1,0,1,0,1,1,-1,0,1,1,0,1,1,-1
178856,João Gualberto,psdb,BA,-1,1,-2,1,1,1,1,-1,1,1,0,-1,0,1,1,1,1,-1,1,0,1,1,1
178988,João Paulo Papa,psdb,SP,1,0,1,0,1,1,1,1,0,1,0,1,0,0,1,-1,1,-1,1,0,1,1,1
74570,Jutahy Junior,psdb,BA,1,0,0,1,1,1,1,1,1,1,-1,1,-1,0,-1,1,1,-1,1,0,0,1,1
74277,Lobbe Neto,psdb,SP,1,0,1,-1,-1,-1,1,1,1,1,0,-1,0,0,1,0,1,-1,1,1,1,-1,1
73778,Luiz Carlos Hauly,psdb,PR,-1,0,1,0,1,1,-1,1,1,1,0,1,0,0,1,1,1,1,-1,0,1,1,0
160565,Mara Gabrilli,psdb,SP,1,-1,-1,0,1,-2,-1,1,0,1,0,1,0,-1,0,0,1,1,-1,-1,-1,1,1
160536,Marco Tebaldi,psdb,SC,1,1,1,0,1,1,1,1,1,1,0,1,0,1,1,1,-1,1,-1,0,1,1,0
159238,Marcus Pestana,psdb,MG,1,0,-2,0,1,1,1,1,1,1,0,1,0,1,1,1,0,1,1,0,1,1,0
178956,Mariana Carvalho,psdb,RO,1,0,1,-1,-1,-1,1,1,1,1,0,-1,0,1,1,0,1,1,1,1,1,1,1
178827,Max Filho,psdb,ES,1,0,1,-2,0,0,1,-1,0,0,0,1,0,-2,-1,-1,0,1,-1,1,1,1,-1
178984,Miguel Haddad,psdb,SP,1,0,-2,0,1,1,1,1,1,1,0,1,0,0,1,1,1,1,1,1,1,1,1
160567,Nelson Marchezan Junior,psdb,RS,1,0,0,0,1,1,1,-1,1,1,0,1,0,0,1,-1,1,1,1,0,1,1,-1
160566,Nelson Padovani,psdb,PR,-1,-1,-1,-1,-1,-1,-1,1,-1,-1,-1,-1,-1,-1,-1,1,-1,-1,-1,-1,-1,1,0
166401,Nilson Leitão,psdb,MT,1,-1,-2,0,1,1,1,1,1,1,-1,1,0,1,1,1,0,1,-1,1,1,1,0
74352,Nilson Pinto,psdb,PA,1,0,0,1,1,1,1,1,1,1,0,1,0,1,1,1,1,1,1,1,1,1,0
141515,Otavio Leite,psdb,RJ,1,-1,0,1,1,1,1,1,1,1,0,1,0,1,1,1,1,0,1,0,1,1,1
141516,Paulo Abi-Ackel,psdb,MG,1,0,0,1,1,1,-1,1,1,1,0,1,0,1,1,1,1,1,1,0,1,1,0
178912,Pedro Cunha Lima,psdb,PB,1,0,0,1,1,1,1,1,1,1,0,1,0,0,1,1,0,1,0,0,1,1,1
178844,Pedro Vilela,psdb,AL,1,0,-2,-1,-1,-1,1,1,1,1,0,-1,0,0,1,0,1,1,0,1,1,1,-1
74216,Raimundo Gomes de Matos,psdb,CE,1,1,-2,0,-1,1,1,1,1,1,0,-1,0,1,1,-1,1,1,-1,0,1,1,-1
141472,Ricardo Tripoli,psdb,SP,1,0,0,1,1,1,1,1,1,1,0,1,0,1,1,1,-1,1,1,1,1,1,1
178840,Rocha,psdb,AC,1,0,-1,1,1,1,1,-1,1,1,0,1,0,1,1,0,0,1,1,0,-1,1,1
141531,Rodrigo de Castro,psdb,MG,1,1,1,1,1,1,1,1,1,1,0,1,0,1,1,1,1,1,1,0,1,1,0
141535,Rogério Marinho,psdb,RN,1,0,-2,1,1,1,1,1,-1,1,0,1,0,1,1,1,1,1,1,1,1,1,0
178935,Rossoni,psdb,PR,1,1,1,1,1,1,1,-1,1,1,0,1,0,1,1,-1,1,1,1,0,1,-1,-1
178990,Samuel Moreira,psdb,SP,1,0,0,0,-1,1,1,-1,1,1,0,-1,0,0,1,-1,1,1,1,1,1,1,-1
178961,Shéridan,psdb,RR,1,-1,1,1,1,1,1,1,1,1,0,1,0,-1,1,1,-1,-1,1,-1,1,1,-1
73560,Silvio Torres,psdb,SP,1,-1,-2,0,1,1,1,1,1,1,0,1,0,1,1,1,1,1,1,0,1,1,1
141553,Vanderlei Macris,psdb,SP,1,0,-2,0,1,1,1,1,1,1,-1,1,0,1,-1,1,1,1,1,0,1,1,1
178992,Vitor Lippi,psdb,SP,1,0,1,0,1,1,1,1,1,1,0,1,0,1,1,1,1,1,1,0,1,1,1
73992,Yeda Crusius,psdb,RS,-1,-1,-1,-1,-1,-1,-1,1,-1,-1,-1,-1,-1,-1,-1,1,-1,-1,-1,-1,-1,-1,0
141454,Alfredo Kaefer,psl,PR,1,0,0,0,1,1,1,1,1,1,0,1,0,1,1,1,1,1,-1,0,1,1,0
178892,Dâmina Pereira,psl,MG,1,1,-1,0,1,1,1,0,1,1,1,1,1,1,1,0,1,1,-1,0,-1,1,0
74171,Chico Alencar,psol,RJ,0,0,1,0,-3,0,0,0,0,-3,0,1,0,1,0,0,0,0,0,0,1,0,1
134812,Edmilson Rodrigues,psol,PA,0,0,1,0,-3,0,0,0,0,-3,0,1,0,1,0,0,0,0,0,0,1,0,1
152605,Glauber Braga,psol,RJ,0,0,1,0,0,0,0,0,0,0,0,1,0,0,0,0,0,0,0,0,1,0,1
73531,Ivan Valente,psol,SP,0,0,1,0,-3,0,0,0,0,-3,0,1,0,1,0,0,0,0,0,0,1,0,1
160672,Jean Wyllys,psol,RJ,0,0,1,0,-3,0,0,0,0,-3,0,1,0,1,0,0,0,0,0,0,1,0,1
74784,Luiza Erundina,psol,SP,0,-1,-1,-1,-1,-1,0,0,0,0,-1,-1,-1,-1,0,0,0,-1,-1,-1,-1,0,1
178890,Adelmo Carneiro Leão,pt,MG,0,-1,1,0,0,0,0,0,0,0,1,1,1,1,0,0,1,0,1,0,-1,0,1
160508,Afonso Florence,pt,BA,0,0,1,0,0,0,0,0,0,0,1,1,1,1,0,0,1,0,1,0,1,0,1
178973,Ana Perugini,pt,SP,0,0,1,0,0,0,0,0,0,0,1,1,1,1,0,0,1,0,1,0,1,0,1
178974,Andres Sanchez,pt,SP,0,0,1,0,0,0,1,0,0,0,1,1,1,1,0,0,1,0,1,0,1,0,1
178837,Angelim,pt,AC,0,0,1,0,0,0,0,0,0,0,1,1,1,1,0,0,1,0,-2,0,1,0,1
73433,Arlindo Chinaglia,pt,SP,0,0,1,0,0,0,-1,0,0,0,1,1,1,1,0,0,1,0,-1,0,1,0,1
159237,Assis Carvalho,pt,PI,1,0,-1,0,0,0,0,0,-1,-1,1,1,1,1,0,0,1,0,1,0,-1,0,1
73701,Benedita da Silva,pt,RJ,0,0,1,0,0,0,-1,0,0,0,1,1,1,1,0,0,1,0,1,0,1,0,1
141335,Beto Faro,pt,PA,0,0,1,0,0,0,0,0,0,0,1,1,1,1,0,0,1,0,1,0,1,0,1
160538,Bohn Gass,pt,RS,0,0,1,0,0,0,0,0,0,0,1,1,1,1,0,0,1,0,-2,0,1,0,1
178853,Caetano,pt,BA,0,0,1,0,0,0,-1,0,0,0,1,1,1,1,0,0,1,0,1,0,1,0,1
141398,Carlos Zarattini,pt,SP,1,0,-1,0,0,0,0,0,0,0,1,1,1,1,0,0,1,0,1,0,-1,0,1
141439,Chico D´Angelo,pt,RJ,0,0,1,0,0,0,0,0,0,0,1,1,1,1,0,0,1,0,1,0,1,0,1
141413,Décio Lima,pt,SC,0,0,1,0,0,0,0,0,0,0,-1,1,1,1,0,0,-1,0,1,-1,1,0,1
132504,Enio Verri,pt,PR,1,0,1,0,0,0,0,0,0,0,1,1,1,1,0,0,1,0,1,0,1,0,1
160575,Erika Kokay,pt,DF,0,0,1,0,0,0,0,0,0,0,-1,1,-1,1,0,-1,1,0,1,0,1,0,1
146829,Fabiano Horta,pt,RJ,-1,-1,-1,-1,-1,-1,-1,-1,-1,-1,1,-1,1,-1,0,-1,-1,0,-1,-1,-1,-1,-1
73481,Fernando Marroni,pt,RS,-1,0,1,0,0,0,0,-1,0,0,1,1,1,1,0,-1,1,0,1,0,1,-1,-1
129037,Gabriel Guimarães,pt,MG,1,0,-1,0,0,0,0,-1,0,0,1,1,1,1,-1,-1,1,0,-1,0,-1,0,1
178872,Givaldo Vieira,pt,ES,1,0,1,0,0,0,0,0,0,0,1,1,1,1,0,0,1,0,1,0,1,0,1
178873,Helder Salomão,pt,ES,0,0,1,0,0,0,0,0,0,0,1,1,1,1,0,0,1,0,-2,0,1,0,1
73482,Henrique Fontana,pt,RS,-1,0,1,0,0,0,0,0,0,0,1,1,1,1,0,0,1,0,1,0,1,0,1
178857,Jorge Solla,pt,BA,0,1,1,0,0,0,-1,0,0,0,1,1,1,1,0,-1,1,0,-1,0,1,0,1
141464,José Airton Cirilo,pt,CE,1,0,1,0,0,0,0,0,0,0,1,1,1,1,0,0,-1,0,1,0,1,0,1
141470,José Guimarães,pt,CE,1,0,-1,0,0,0,0,0,0,0,1,1,1,1,0,0,1,1,-1,0,1,0,1
74275,José Mentor,pt,SP,-1,0,1,0,0,0,0,0,0,0,1,1,1,1,0,-1,1,0,-1,0,1,0,1
178970,João Daniel,pt,SE,0,0,1,0,0,0,0,0,0,0,1,1,1,1,0,0,1,0,1,0,1,0,1
178825,Leo de Brito,pt,AC,0,0,1,0,0,0,0,0,0,0,1,0,1,1,0,0,1,0,-1,0,1,0,1
74156,Leonardo Monteiro,pt,MG,0,0,1,0,0,0,0,0,0,0,1,1,1,1,0,0,-1,0,1,0,1,0,1
74041,Luiz Couto,pt,PB,0,0,1,0,0,0,0,0,0,0,1,1,1,1,0,0,0,0,1,0,1,0,1
74688,Luiz Sérgio,pt,RJ,-1,0,1,0,0,0,0,0,0,0,-1,1,1,1,0,0,1,1,1,0,-1,0,1
178866,Luizianne Lins,pt,CE,0,0,1,0,0,0,-1,0,0,0,-1,1,-1,1,0,0,1,0,1,0,1,0,1
133373,Marco Maia,pt,RS,0,0,1,0,0,0,0,0,0,0,1,1,1,1,0,0,1,0,1,0,1,0,1
160535,Marcon,pt,RS,0,0,1,0,0,0,0,0,0,0,-1,1,-1,1,0,0,0,0,1,0,1,0,1
171619,Margarida Salomão,pt,MG,-2,0,1,0,0,0,0,0,0,0,1,1,1,1,0,0,1,0,1,0,1,0,1
74398,Maria do Rosário,pt,RS,0,0,1,0,0,0,-1,0,0,0,1,0,1,1,0,0,1,0,1,0,1,0,1
188097,Merlong Solano,pt,PI,-1,-1,-1,-1,-1,-1,-1,-1,-1,-1,-1,-1,1,-1,0,-1,-1,-2,-1,-1,-1,-1,-1
178859,Moema Gramacho,pt,BA,0,0,1,0,0,0,0,-1,0,0,1,1,1,1,0,-1,1,0,1,0,-1,0,-1
74571,Nelson Pellegrino,pt,BA,-1,-1,-1,-1,-1,-1,-1,0,-1,-1,-1,-1,-1,-1,-1,0,-1,-1,-1,-1,-1,-1,1
178986,Nilto Tatto,pt,SP,0,0,1,0,0,0,0,0,0,0,1,1,1,1,0,0,1,0,1,0,1,0,1
160556,Padre João,pt,MG,0,0,1,0,0,0,0,0,0,0,-1,1,-1,1,0,0,1,0,1,0,1,0,1
74160,Patrus Ananias,pt,MG,-1,-1,-1,-1,-1,-1,-1,0,-1,-1,-1,-1,-1,-1,-1,0,-1,-1,-1,-1,-1,0,1
74400,Paulo Pimenta,pt,RS,0,0,1,0,0,0,0,0,0,0,1,1,1,1,0,0,1,0,-1,0,1,0,1
141488,Paulo Teixeira,pt,SP,0,0,1,0,0,0,0,0,0,0,1,1,1,1,0,0,-1,0,-1,0,1,0,1
171617,Paulão,pt,AL,-2,0,1,0,0,0,0,0,0,0,1,1,1,1,0,0,1,0,1,0,1,0,1
160604,Pedro Uczai,pt,SC,0,0,1,0,0,0,0,0,0,0,-1,1,-1,1,0,0,1,0,-2,0,1,0,1
141445,Pepe Vargas,pt,RS,0,-1,-1,-1,-1,-1,-1,0,-1,-1,-1,-1,-1,-1,-1,0,-1,-1,-1,-1,-1,0,1
74161,Reginaldo Lopes,pt,MG,0,0,1,0,0,0,-1,0,0,0,1,1,1,1,-1,0,1,-1,-1,0,0,0,1
91208,Robinson Almeida,pt,BA,-1,-1,-1,-1,-1,-1,-1,0,-1,-1,-1,-1,-1,-1,-1,0,-1,-1,-1,-1,-1,-1,-1
74371,Rubens Otoni,pt,GO,1,0,1,0,0,0,1,0,0,0,1,1,1,1,-1,0,1,0,1,0,1,0,1
160613,Sibá Machado,pt,AC,1,0,1,0,0,0,0,-1,0,0,1,1,1,1,0,-1,-1,0,-1,0,1,0,-1
160630,Ságuas Moraes,pt,MT,0,0,1,0,0,0,0,0,0,0,1,1,-1,1,0,0,1,-1,1,0,1,0,1
160610,Valmir Assunção,pt,BA,0,0,1,0,0,0,0,0,0,0,1,1,1,1,0,0,1,0,1,0,1,0,1
113247,Valmir Prascidelli,pt,SP,1,0,1,0,0,0,0,0,0,0,1,1,1,1,0,0,-1,0,1,0,-1,0,1
74376,Vander Loubet,pt,MS,0,1,-1,0,0,0,1,0,0,-1,1,1,1,1,0,0,1,-1,-1,0,-1,0,1
160622,Vicente Candido,pt,SP,1,0,1,0,0,0,-1,0,0,0,1,1,1,1,0,0,-1,0,-1,0,-1,0,1
74283,Vicentinho,pt,SP,0,0,1,0,0,0,0,0,0,0,1,1,1,1,0,0,1,0,1,0,1,0,1
189593,Wadih Damous,pt,RJ,0,0,1,0,0,0,0,0,0,0,-1,1,-1,1,-1,0,0,-1,1,0,1,0,1
160569,Waldenor Pereira,pt,BA,0,0,1,0,0,0,-1,0,0,0,1,1,1,1,0,0,-1,0,1,0,1,0,1
160592,Zeca Dirceu,pt,PR,0,0,1,0,0,0,0,-1,0,0,1,0,1,1,0,0,1,0,-1,0,1,0,1
178902,Zeca do Pt,pt,MS,0,1,-1,0,0,0,0,0,-1,-1,1,1,1,1,0,0,1,0,1,0,-1,0,1
178889,Zé Carlos,pt,MA,-1,0,1,0,0,0,0,0,0,0,-1,1,-1,1,0,0,0,0,1,0,1,0,1
73931,Zé Geraldo,pt,PA,0,0,1,0,0,0,0,0,0,0,1,1,1,1,0,0,1,0,-1,0,1,0,1
178914,Adalberto Cavalcanti,ptb,PE,1,1,1,1,1,1,1,1,1,1,-1,1,-1,1,-1,-1,1,-1,1,1,1,0,0
73458,Alex Canziani,ptb,PR,1,0,1,0,1,1,-1,1,0,0,1,0,1,0,1,1,1,1,-1,-1,1,1,0
73434,Arnaldo Faria de Sá,ptb,SP,1,0,1,1,1,1,1,0,1,1,0,1,0,0,0,0,1,1,1,1,1,1,1
74291,Arnon Bezerra,ptb,CE,1,-1,-1,1,1,1,1,-1,1,0,1,0,1,-1,1,-1,-1,1,-1,-1,1,0,-1
74535,Benito Gama,ptb,BA,1,0,0,1,1,1,1,1,1,1,0,1,0,1,1,1,1,-1,1,0,1,1,0
93472,Cristiane Brasil,ptb,RJ,-1,-1,1,1,1,1,1,1,1,1,0,1,0,-1,-1,-1,-1,1,-1,-1,-1,1,0
74172,Deley,ptb,RJ,1,-1,1,1,1,1,1,0,0,-1,0,1,0,-1,0,0,1,0,-2,-1,1,1,1
160572,Jorge Côrte Real,ptb,PE,1,1,1,1,1,1,1,1,1,1,1,1,1,1,1,1,-1,1,1,0,1,1,0
74351,Josué Bengtson,ptb,PA,1,1,0,1,1,1,1,1,1,1,0,1,0,1,1,1,1,1,1,1,1,1,0
73666,Jovair Arantes,ptb,GO,1,1,-2,1,1,1,1,1,1,1,1,0,1,1,1,-1,1,1,-1,0,1,1,0
141485,Luiz Carlos Busato,ptb,RS,1,-1,1,1,1,1,1,-1,0,0,1,1,1,-1,1,-1,1,-1,-1,-1,-1,1,-1
73553,Nelson Marquezelli,ptb,SP,1,1,0,1,1,1,-1,1,1,1,1,1,1,0,1,1,1,1,0,0,1,1,0
74359,Nilton Capixaba,ptb,RO,1,1,1,-1,-1,-1,1,1,1,1,1,-1,0,1,1,1,1,-1,1,0,1,1,0
74319,Paes Landim,ptb,PI,1,0,-1,1,1,1,1,1,1,1,1,1,1,0,1,1,1,0,-1,0,1,0,0
74449,Pedro Fernandes,ptb,MA,-1,0,0,0,1,1,1,1,0,0,1,1,1,0,0,1,0,1,0,1,1,0,0
163321,Ronaldo Nogueira,ptb,RS,1,-1,0,0,1,1,1,1,1,1,0,1,0,0,0,-1,1,0,1,0,1,1,0
141522,Sabino Castelo Branco,ptb,AM,-1,-1,-1,-1,-1,-1,-1,0,-1,-1,-1,-1,-1,-1,-1,1,-1,-1,-1,-1,-1,-1,0
141542,Sérgio Moraes,ptb,RS,1,1,0,1,1,1,1,0,1,1,0,1,0,1,-1,0,0,1,-1,0,1,1,0
160636,Wilson Filho,ptb,PB,1,1,1,1,1,-1,-1,1,1,1,1,1,1,1,1,0,1,0,0,1,1,1,-1
178923,Zeca Cavalcanti,ptb,PE,1,1,-1,1,1,1,1,-1,1,1,1,1,1,1,0,1,1,1,1,0,-1,0,0
178938,Cabo Daciolo,ptdob,RJ,0,0,-1,-1,0,-1,-1,0,0,0,0,1,0,0,0,0,0,0,-1,1,-1,1,1
160510,Luis Tibé,ptdob,MG,-1,0,1,0,1,0,1,1,1,1,1,1,1,0,1,1,1,1,1,0,1,1,0
146949,Rosinha da Adefal,ptdob,AL,-1,-1,-1,-1,-1,-1,-1,0,-1,-1,-1,-1,-1,-1,-1,1,-1,-1,-1,-1,-1,-1,-1
4930,Silvio Costa,ptdob,PE,1,0,0,0,1,1,0,0,0,0,1,1,1,0,1,0,1,1,1,0,1,0,1
133374,Ademir Camilo,ptn,MG,1,1,0,1,0,0,1,0,1,1,-1,1,0,1,0,0,1,1,1,0,1,-1,0
178875,Alexandre Baldy,ptn,GO,1,0,-2,-1,-1,-1,-1,1,1,1,0,-1,0,1,1,1,1,1,-1,1,1,1,0
178881,Aluisio Mendes,ptn,MA,1,1,0,0,1,0,0,1,1,1,1,1,1,0,1,1,1,1,1,0,0,0,0
178950,Antônio Jácome,ptn,RN,0,1,-1,0,1,0,1,0,1,1,0,1,0,0,-1,-2,1,1,1,1,1,1,1
69871,Bacelar,ptn,BA,1,0,0,0,1,0,1,0,0,0,1,1,1,0,0,0,1,1,1,0,1,0,1
178993,Carlos Henrique Gaguim,ptn,TO,1,0,1,1,1,1,1,1,1,1,1,1,1,1,1,1,1,1,0,1,1,1,0
178830,Dr. Sinval Malheiros,ptn,SP,1,-1,1,0,1,0,1,0,0,1,0,1,0,-1,-1,1,-1,0,1,-1,1,1,0
178830,Dr. Sinval Malheiros,ptn,SP,1,-1,1,0,1,0,1,0,0,1,0,1,0,-1,-1,1,-1,0,1,-1,1,1,0
178941,Ezequiel Teixeira,ptn,RJ,1,0,-2,-2,1,1,1,-1,1,1,0,1,-1,1,1,1,1,1,1,1,1,1,0
178907,Francisco Chapadinha,ptn,PA,1,0,1,-1,-1,-1,1,1,1,-1,-1,-1,1,1,1,1,1,1,1,0,1,1,0
178851,Jozi  Araújo,ptn,AP,1,1,1,1,1,1,0,1,1,1,1,1,1,1,1,1,-1,1,-1,0,1,0,0
178802,Luiz Carlos Ramos,ptn,RJ,1,0,1,1,1,1,1,0,1,1,1,1,0,0,1,0,1,1,1,1,1,1,1
178989,Renata Abreu,ptn,SP,1,0,1,1,0,0,1,1,1,1,1,1,1,1,1,1,1,1,1,0,-1,1,1
178920,Ricardo Teobaldo,ptn,PE,1,1,-1,1,1,1,1,1,1,1,1,1,1,1,1,1,-1,1,-1,0,-1,0,0
73584,Antonio Carlos Mendes Thame,pv,SP,1,0,1,0,1,1,1,1,-1,-1,-1,1,0,0,-1,1,1,-1,1,0,1,-1,1
178871,Evair Vieira de Melo,pv,ES,0,1,1,0,0,1,1,1,0,1,1,1,0,1,1,0,0,1,1,1,1,1,1
178828,Evandro Gussi,pv,SP,1,0,-1,1,1,1,0,1,0,0,0,1,0,1,1,1,-1,0,1,0,1,1,0
178832,Leandre,pv,PR,1,1,1,0,0,0,1,1,1,1,0,1,0,1,1,0,1,0,1,1,1,1,1
80920,Penna,pv,SP,-1,0,1,0,1,0,0,-1,1,0,-1,1,-1,1,-1,-1,1,-1,-1,1,1,-1,-1
160653,Roberto de Lucena,pv,SP,-1,-1,-1,-1,-1,-1,-1,0,-1,-1,-1,-1,-1,-1,-1,0,-1,-1,-1,-1,-1,1,0
74210,Sarney Filho,pv,MA,-1,1,1,0,1,0,0,-1,0,0,1,-1,1,1,-1,-1,1,0,-1,1,-1,1,0
178863,Uldurico Junior,pv,BA,1,1,-1,0,1,0,1,0,0,0,1,1,0,0,0,0,1,0,1,0,-1,1,1
141563,William Woo,pv,SP,-1,-1,-1,-1,-1,-1,-1,-1,-1,-1,1,-1,0,-1,1,-1,-1,0,-1,-1,-1,-1,-1
160511,Alessandro Molon,rede,RJ,0,0,1,0,0,0,0,0,0,0,1,1,1,1,0,0,1,0,1,0,1,0,1
178927,Aliel Machado,rede,PR,0,0,1,1,0,0,0,0,0,0,1,1,0,0,0,0,1,0,1,-1,1,0,1
178965,João Derly,rede,RS,0,-1,1,1,0,0,-1,0,0,0,1,1,0,0,0,0,1,0,0,0,1,1,1
74862,Miro Teixeira,rede,RJ,0,0,1,1,0,0,1,0,0,0,0,1,0,0,0,0,0,0,0,1,1,1,1
73655,Augusto Carvalho,solidaried,DF,1,1,1,1,1,0,0,0,0,0,0,1,0,1,1,0,0,0,1,1,1,1,1
160665,Augusto Coutinho,solidaried,PE,1,-1,0,0,1,1,1,1,1,1,0,0,0,-1,1,1,1,1,-1,-1,1,1,0
160512,Aureo,solidaried,RJ,1,-1,1,0,1,1,1,0,0,0,0,1,0,-1,1,0,1,-1,1,-1,1,1,0
74040,Benjamin Maranhão,solidaried,PB,1,-1,-2,0,1,1,1,1,1,1,0,1,0,-1,1,1,1,1,1,-1,1,1,0
74163,Carlos Manato,solidaried,ES,1,1,0,1,1,1,1,0,1,1,0,1,0,1,1,1,1,1,1,0,1,1,1
160646,Delegado Francischini,solidaried,PR,-1,1,1,1,1,1,1,0,1,1,-1,1,-1,1,-1,-1,1,-1,-1,0,1,1,1
160669,Genecias Noronha,solidaried,CE,1,1,-1,1,1,1,-1,-1,1,-1,0,1,0,1,1,1,1,-1,1,0,-1,1,0
151208,Laercio Oliveira,solidaried,SE,1,-1,1,1,-1,1,1,1,1,-1,0,1,0,-1,1,1,1,1,1,-1,1,1,1
178894,Laudivio Carvalho,solidaried,MG,1,1,0,1,1,1,1,0,1,1,1,1,0,1,1,-1,1,1,1,1,1,1,1
178879,Lucas Vergilio,solidaried,GO,1,1,1,1,1,1,1,1,1,1,0,1,0,1,1,0,1,1,1,1,1,1,0
178826,Major Olimpio,solidaried,SP,1,1,-2,0,0,0,1,0,1,1,-1,1,0,1,1,1,0,0,1,0,1,1,1
141518,Paulo Pereira da Silva,solidaried,SP,1,1,-2,1,-1,1,1,0,1,1,0,-1,0,1,1,0,0,1,-1,1,1,1,0
73930,Wladimir Costa,solidaried,PA,-1,-1,-1,-1,-1,-1,-1,1,-1,-1,-1,-1,-1,-1,-1,1,1,-1,-1,-1,-1,1,0
160632,Zé Silva,solidaried,MG,1,1,1,1,1,1,1,0,1,1,0,1,0,1,1,0,1,1,1,0,1,1,0
5830733,Sebastião Oliveira,pr,PE,-1,-1,-1,-1,-1,-1,-1,-1,-1,-1,-1,-1,-1,-1,-1,-1,-1,-1,-1,-1,-1,-2,0
5830295,Capitão Fábio Abreu,ptb,PI,-1,-1,-1,-1,-1,-1,-1,-1,-1,-1,-1,-1,-1,-1,-1,-1,-1,-1,-1,-1,-1,0,-1
5830460,Rejane Dias,pt,PI,-1,-1,-1,-1,-1,-1,-1,-1,-1,-1,-1,-1,-1,-1,-1,-1,-1,-1,-1,-1,-1,0,-1
193726,Paulo Martins,psdb,PR,-1,-1,-1,-1,-1,-1,-1,-1,-1,-1,-1,-1,-1,-1,-1,-1,-1,-1,-1,-1,-1,1,-1
5830318,Miguel Corrêa,pt,MG,-1,-1,-1,-1,-1,-1,-1,-1,-1,-1,-1,-1,-1,-1,-1,-1,-1,-1,-1,-1,-1,0,-1
5830368,Arnaldo Jardim,pps,SP,-1,-1,-1,-1,-1,-1,-1,-1,-1,-1,-1,-1,-1,-1,-1,-1,-1,-1,-1,-1,-1,1,-1
5830480,Rodrigo Garcia,dem,SP,-1,-1,-1,-1,-1,-1,-1,-1,-1,-1,-1,-1,-1,-1,-1,-1,-1,-1,-1,-1,-1,1,-1
141385,Duarte Nogueira,psdb,SP,-1,-1,-1,-1,-1,-1,-1,-1,-1,-1,-1,-1,-1,-1,-1,-1,-1,-1,-1,-1,-1,1,-1
74141,Josias Gomes,pt,BA,-1,-1,-1,-1,-1,-1,-1,-1,-1,-1,-1,-1,-1,-1,-1,-1,-1,-1,-1,-1,-1,-1,1
74478,Luciano Bivar,psl,PE,-1,-1,-1,-1,-1,-1,-1,-1,-1,-1,-1,-1,-1,-1,-1,-1,-1,-1,-1,-1,-1,-1,0
5830923,Rogerio Silva,pmdb,MT,-1,-1,-1,-1,-1,-1,-1,-1,-1,-1,-1,-1,-1,-1,-1,-1,-1,-1,-1,-1,-1,-1,0
