id_dep,nome,partido,uf,Cobrança de cursos em universidades públicas,Coincidência reeleição,Cota para mulheres legislativo,Distritao,Financiamento privado para partidos,Financiamento privado para partidos e candidatos,Infaticídio indígena,Lei trabalhista,Maioridade 1,Maioridade 2,Pensão,Reeleição,Seguro Desemprego,Tempo Mandato,Terceirização,Terceirização total 2017,Terrorismo,Transgênico,Tributação serviços de internet,Voto Facultativo,Voto impresso
178957,Abel Mesquita Jr.,dem,RR,não,sim,sim,não,sim,sim,sim,sim,não,sim,não,sim,não,sim,sim,sim,não votou,sim,não,não,sim
73579,Alberto Fraga,dem,DF,sim,sim,sim,sim,sim,sim,sim,sim,sim,sim,não,sim,não,não,sim,sim,sim,sim,sim,não,sim
160545,Alexandre Leite,dem,SP,sim,sim,abstenção,sim,sim,sim,sim,sim,sim,sim,não,sim,não,sim,sim,sim,não,sim,não votou,sim,sim
74651,Carlos Melles,dem,MG,sim,não,sim,sim,sim,sim,sim,sim,sim,sim,não votou,não,sim,não,sim,sim,sim,sim,não votou,sim,sim
74537,Claudio Cajado,dem,BA,não votou,não votou,não votou,sim,sim,sim,não votou,sim,sim,sim,sim,sim,sim,não votou,não votou,sim,sim,sim,não votou,sim,não votou
141422,Efraim Filho,dem,PB,sim,sim,sim,sim,sim,sim,não votou,sim,sim,sim,não,não,não,não,sim,-,não votou,sim,sim,sim,sim
160532,Eli Corrêa Filho,dem,SP,não votou,não votou,sim,não votou,sim,não votou,sim,sim,sim,sim,não,sim,não,não,sim,não,sim,sim,não votou,sim,sim
178854,Elmar Nascimento,dem,BA,sim,sim,não,sim,sim,sim,sim,sim,sim,sim,não votou,sim,sim,não,sim,sim,não,sim,sim,sim,sim
141429,Felipe Maia,dem,RN,sim,sim,abstenção,sim,sim,sim,sim,sim,sim,sim,não,sim,não,não,sim,sim,não votou,sim,sim,sim,sim
160677,Francisco Floriano,dem,RJ,não,sim,abstenção,não,sim,sim,sim,sim,sim,não votou,sim,sim,sim,sim,sim,não,sim,sim,sim,não,sim
178909,Hélio Leite,dem,PA,sim,não,não,não,sim,sim,sim,sim,sim,sim,não,não,não,não,sim,sim,sim,sim,sim,sim,não votou
73535,Jorge Tadeu Mudalen,dem,SP,sim,não,abstenção,sim,sim,não,sim,sim,sim,sim,não,sim,não,não,sim,sim,sim,sim,sim,sim,sim
74553,José Carlos Aleluia,dem,BA,sim,não,não votou,não,sim,sim,não,sim,sim,sim,sim,não,sim,não,sim,sim,sim,sim,sim,sim,sim
178886,Juscelino Filho,dem,MA,sim,sim,não,sim,sim,sim,sim,sim,sim,sim,sim,sim,sim,sim,sim,sim,sim,sim,sim,não,não
160633,Mandetta,dem,MS,sim,sim,sim,não,sim,não,sim,sim,não,sim,não,sim,não,não,sim,não,sim,sim,sim,sim,sim
160660,Marcelo Aguiar,dem,SP,sim,não,abstenção,sim,sim,sim,sim,sim,sim,sim,sim,sim,sim,sim,não votou,não,não,sim,sim,sim,sim
167722,Marcos Rogério,dem,RO,não,não,abstenção,abstenção,não,não,sim,sim,sim,sim,não,sim,não,sim,não,não,não votou,sim,não votou,sim,sim
178943,Marcos Soares,dem,RJ,sim,sim,não,não votou,não votou,não votou,sim,sim,sim,sim,sim,sim,não,sim,não votou,abstenção,não votou,abstenção,não votou,sim,sim
74428,Mendonça Filho,dem,PE,sim,não,não votou,sim,sim,sim,sim,sim,sim,sim,não,não,não,não,não votou,não votou,não votou,sim,sim,sim,sim
178895,Misael Varella,dem,MG,sim,sim,não,sim,sim,não,sim,sim,sim,sim,não votou,sim,sim,sim,sim,abstenção,sim,sim,sim,sim,sim
160561,Missionário José Olimpio,dem,SP,sim,sim,abstenção,sim,sim,não,sim,sim,sim,sim,não,sim,não,sim,sim,não,sim,sim,sim,sim,sim
74457,Moroni Torgan,dem,CE,sim,não,sim,sim,sim,não,sim,não votou,sim,sim,não,sim,não,não,não,não votou,não votou,sim,não,sim,sim
66179,Norma Ayub,dem,ES,não votou,não votou,não votou,não votou,não votou,não votou,não votou,sim,não votou,não votou,não votou,não votou,não votou,não votou,não votou,-,não votou,não votou,não votou,não votou,não votou
74399,Onyx Lorenzoni,dem,RS,não votou,não,não,não votou,não votou,não votou,não votou,sim,sim,sim,não votou,não votou,não,não,sim,-,não votou,sim,não votou,sim,sim
180545,Osmar Bertoldi,dem,PR,não votou,não votou,não votou,não votou,não votou,não votou,não votou,sim,não votou,não votou,não,não votou,não,não votou,sim,sim,não votou,sim,não votou,não votou,não votou
74095,Pauderney Avelino,dem,AM,não votou,não,abstenção,sim,sim,sim,não votou,sim,sim,sim,não,sim,não,não,sim,sim,não votou,sim,não votou,sim,sim
178860,Paulo Azi,dem,BA,sim,não,abstenção,sim,sim,sim,sim,sim,sim,sim,não votou,sim,sim,sim,sim,sim,não,sim,sim,sim,sim
160639,Professora Dorinha Seabra Rezende,dem,TO,sim,sim,sim,não,sim,não,sim,sim,não,não,não,sim,não,sim,não,não,sim,sim,não votou,sim,sim
74693,Rodrigo Maia,dem,RJ,sim,não,abstenção,sim,sim,sim,sim,art. 17,sim,sim,sim,sim,sim,não,sim,art. 17,não votou,sim,sim,sim,sim
178947,Sóstenes Cavalcante,dem,RJ,sim,não,sim,sim,sim,sim,sim,sim,sim,sim,não,sim,não,sim,não,-,não,sim,sim,sim,sim
195866,Vaidon Oliveira,dem,CE,não votou,não votou,não votou,não votou,não votou,não votou,não votou,sim,não votou,não votou,não votou,não votou,não votou,não votou,não votou,sim,não votou,não votou,não votou,não votou,não votou
74057,Alice Portugal,pcdob,BA,não,não,sim,sim,não,não,não votou,não,não,não votou,não votou,sim,sim,não,não,não,sim,não,não,não,sim
160581,Assis Melo,pcdob,RS,não votou,não votou,não votou,não votou,não votou,não votou,não votou,não votou,não votou,não votou,não votou,não votou,não votou,não votou,não votou,não,não votou,não votou,não votou,não votou,não votou
141440,Chico Lopes,pcdob,CE,não,não,sim,sim,não,não,não,não,não,não,sim,sim,sim,não,não,não,sim,não,não,não,sim
74060,Daniel Almeida,pcdob,BA,não,não,sim,sim,não,não,não,-,não,não,sim,sim,sim,não,não,não,sim,não,não,não,sim
101309,Davidson Magalhães,pcdob,BA,não,não,sim,sim,não,não,não,não,não,não,sim,sim,sim,não,não,não,sim,não,não,não,sim
74848,Jandira Feghali,pcdob,RJ,não,não,sim,sim,não,não,não,não,não,não,sim,sim,sim,não,não,não,sim,não,não,não,sim
141503,Jô Moraes,pcdob,MG,não,não,não votou,sim,não,não,não,não,não,não,sim,sim,sim,não,não,não,sim,não,não votou,não,não votou
160628,Luciana Santos,pcdob,PE,não,não,sim,sim,não,não,não,não,não,não,sim,sim,sim,não,não,não,sim,não,não votou,não,sim
195278,Moisés Diniz,pcdob,AC,não votou,não votou,não votou,não votou,não votou,não votou,não votou,-,não votou,não votou,não votou,não votou,não votou,não votou,não votou,não,não votou,não votou,não votou,não votou,não votou
178987,Orlando Silva,pcdob,SP,não,não,sim,sim,não,não,não,não,não,não,sim,sim,sim,não,não,não,sim,não,não,não,sim
160641,Professora Marcivania,pcdob,AP,não,não,sim,não,não,não,não,não,não,não,não votou,sim,não votou,sim,não,não,sim,não,sim,não,sim
178887,Rubens Pereira Júnior,pcdob,MA,não,não,não votou,sim,não,não,não,não,não,não,sim,sim,sim,não,não,não,sim,não,não,não,não votou
137853,Wadson Ribeiro,pcdob,MG,não,não,sim,sim,não,não,não,não votou,não,não,sim,sim,sim,não,não,não votou,sim,não,não,não,sim
178835,Afonso Motta,pdt,RS,sim,sim,sim,não,não,não,sim,não,não,não,não,sim,não,sim,sim,não,sim,sim,não,não,sim
133439,André Figueiredo,pdt,CE,não votou,não votou,sim,não,não,não,sim,não,não,não,não,sim,não,não votou,sim,não,sim,não votou,não votou,não votou,sim
74103,Ariosto Holanda,pdt,CE,sim,não votou,não votou,não votou,não votou,não votou,não votou,-,não votou,não votou,não votou,não votou,não votou,não votou,não votou,-,não votou,não votou,não votou,não votou,não votou
74378,Assis do Couto,pdt,PR,sim,sim,sim,não,não,não,abstenção,não,não,não,sim,sim,não votou,sim,não,não,sim,não,não,não,sim
74474,Carlos Eduardo Cadoca,pdt,PE,não,não,sim,sim,não,não,não,sim,não,não,sim,sim,sim,não,sim,sim,sim,não,não,sim,não votou
141411,Dagoberto Nogueira,pdt,MS,sim,sim,sim,não,não,não,sim,não,não,não,não,sim,não,sim,sim,não,sim,sim,não,não,sim
74467,Damião Feliciano,pdt,PB,não,não votou,sim,não,não,não,sim,-,não,não,não,sim,não,não votou,não,não,sim,não,sim,não votou,sim
185500,Deoclides Macedo,pdt,MA,não votou,não votou,não votou,não votou,não votou,não votou,não votou,não,não votou,não votou,não votou,não votou,não votou,não votou,sim,não votou,não votou,não votou,não votou,não votou,não votou
191923,Flavio Nogueira,pdt,PI,sim,não votou,não votou,não votou,não votou,não votou,não votou,não votou,não votou,não votou,não votou,não votou,não votou,não votou,não votou,não votou,não votou,não votou,não votou,não votou,não votou
160598,Flávia Morais,pdt,GO,não votou,não votou,sim,não,não,não,sim,não,não,não,não,sim,não,não votou,sim,não,sim,sim,não votou,não votou,sim
160666,Félix Mendonça Júnior,pdt,BA,sim,sim,sim,não,não,não,sim,não,não,não,não,sim,não,sim,sim,não,sim,sim,sim,não,sim
178849,Hissa Abrahão,pdt,AM,sim,não,sim,não,não,não,não votou,não,não,não,não votou,sim,não,não,sim,não,sim,sim,sim,sim,sim
141474,Julião Amin Castro,pdt,MA,não votou,não votou,não votou,não votou,não votou,não votou,não votou,não votou,não votou,não votou,não votou,não votou,não votou,não votou,não votou,não,não votou,não votou,não votou,não votou,não votou
74299,Leônidas Cristino,pdt,CE,sim,sim,não,não,sim,não,sim,não,não,não,sim,sim,sim,sim,sim,não,sim,sim,sim,não,sim
74158,Mário Heringer,pdt,MG,sim,sim,sim,não votou,não votou,não votou,sim,não votou,não,não,não,não votou,não,sim,sim,não,sim,sim,não votou,não,sim
73486,Pompeo de Mattos,pdt,RS,sim,não,sim,não,não,não,sim,não,não,não,não,sim,não,sim,não votou,não,sim,sim,não votou,não,sim
178995,Roberto Góes,pdt,AP,não,sim,sim,não,sim,não,sim,-,não,não,não,não,não,sim,sim,-,sim,não,não,não,sim
178845,Ronaldo Lessa,pdt,AL,não,sim,sim,não,não votou,não votou,abstenção,não,não,não,não,não votou,não,sim,não votou,-,sim,não,não,sim,sim
191684,Rosângela Curado,pdt,MA,sim,não votou,não votou,não votou,não votou,não votou,não votou,não votou,não votou,não votou,não votou,não votou,não votou,não votou,não votou,não votou,não votou,não votou,não,não votou,não votou
178874,Sergio Vidigal,pdt,ES,sim,abstenção,sim,não,não,não,sim,não,não,não,não,sim,não,abstenção,sim,não,sim,não,não votou,abstenção,sim
177282,Subtenente Gonzaga,pdt,MG,não,sim,sim,não,não,não,sim,não,não,sim,não,sim,não,sim,não,não,sim,não votou,não,não,sim
167493,Weverton Rocha,pdt,MA,não votou,sim,sim,não,não,não,sim,não,não,não,não,sim,não,sim,sim,não,sim,não,não votou,não,sim
74439,Wolney Queiroz,pdt,PE,não,sim,não votou,não,não,não,sim,não,não,não,não,sim,não,não,não,não,sim,não,não votou,não,sim
99654,Erivelton Santana,pen,BA,não,sim,não,sim,sim,sim,sim,sim,sim,sim,não,sim,não,sim,sim,-,não,sim,sim,não,sim
178885,Junior Marreca,pen,MA,sim,sim,não votou,sim,sim,sim,não,sim,sim,sim,não,não votou,não votou,sim,sim,sim,sim,não votou,não votou,sim,não votou
160631,Walney Rocha,pen,RJ,sim,sim,não,sim,sim,sim,sim,não,sim,sim,não,sim,não,sim,sim,sim,não,sim,não,não,sim
178958,Carlos Andrade,phs,RR,não votou,não,não,sim,sim,sim,não votou,não,sim,sim,sim,não votou,não,sim,sim,-,sim,sim,sim,não,não votou
178929,Diego Garcia,phs,PR,não votou,não,não,sim,sim,não,sim,-,não,não,sim,sim,não,sim,não,-,sim,sim,sim,não,sim
160643,Dr. Jorge Silva,phs,ES,não,sim,não,não,não,não,sim,não,não,sim,sim,sim,sim,sim,sim,não,sim,sim,sim,não,sim
74558,Givaldo Carimbão,phs,AL,não votou,não,não,não,sim,sim,não votou,não,não,não,sim,sim,sim,sim,sim,não,sim,sim,não votou,não votou,sim
146788,Marcelo Aro,phs,MG,não votou,não,não,sim,sim,sim,sim,sim,sim,sim,sim,sim,não,sim,sim,-,sim,não votou,não votou,não,sim
76287,Marcelo Matos,phs,RJ,não,sim,sim,não,não,não,sim,sim,abstenção,sim,não,sim,não,sim,não,não,sim,não,não,não,sim
160642,Pastor Eurico,phs,PE,não votou,sim,sim,sim,não,sim,sim,não,sim,sim,não,não,não,sim,sim,sim,sim,sim,sim,não,sim
160518,Weliton Prado,pmb,MG,não,abstenção,abstenção,abstenção,abstenção,abstenção,sim,não,sim,sim,não,abstenção,não,abstenção,não,não,sim,não,sim,abstenção,abstenção
160582,Alberto Filho,pmdb,MA,sim,sim,sim,sim,sim,sim,sim,sim,sim,sim,sim,sim,sim,sim,não votou,-,sim,sim,sim,não,sim
160559,Alceu Moreira,pmdb,RS,sim,sim,sim,não,sim,sim,sim,sim,sim,sim,sim,sim,não,sim,sim,sim,sim,sim,não,não,sim
178833,Alexandre Serfiotis,pmdb,RJ,não,não,não votou,não,sim,sim,sim,sim,sim,sim,sim,sim,não,não,sim,-,não,não,sim,não,sim
178937,Altineu Côrtes,pmdb,RJ,sim,sim,não votou,não,não votou,sim,sim,sim,sim,sim,sim,sim,não votou,sim,sim,-,não votou,sim,sim,não,sim
195143,André Amaral,pmdb,PB,não votou,não votou,não votou,não votou,não votou,não votou,não votou,sim,não votou,não votou,não votou,não votou,não votou,não votou,não votou,sim,não votou,não votou,não votou,não votou,não votou
74212,Aníbal Gomes,pmdb,CE,sim,não votou,não,sim,sim,sim,sim,sim,sim,sim,sim,sim,sim,não votou,não votou,sim,sim,não votou,não votou,não votou,sim
178975,Baleia Rossi,pmdb,SP,sim,sim,sim,sim,sim,não,não votou,sim,sim,sim,sim,sim,sim,não,sim,-,sim,sim,sim,sim,sim
105112,Cabuçu Borges,pmdb,AP,sim,sim,não votou,sim,sim,sim,sim,sim,não votou,sim,sim,sim,sim,sim,sim,-,sim,sim,não votou,sim,não votou
141401,Carlos Bezerra,pmdb,MT,sim,sim,sim,não,sim,sim,não votou,sim,não,não,sim,sim,sim,sim,não votou,sim,sim,sim,sim,não,sim
178900,Carlos Marun,pmdb,MS,não votou,sim,sim,sim,sim,sim,sim,sim,sim,sim,sim,sim,sim,sim,sim,-,sim,sim,não,não,sim
73568,Celso Jacob,pmdb,RJ,sim,não votou,sim,sim,sim,sim,sim,sim,sim,sim,sim,sim,sim,não votou,sim,abstenção,sim,sim,sim,não votou,sim
141405,Celso Maldaner,pmdb,SC,sim,sim,sim,não,sim,sim,sim,sim,não,sim,sim,sim,sim,sim,sim,sim,sim,sim,não votou,sim,sim
72912,Celso Pansera,pmdb,RJ,não votou,sim,sim,sim,sim,sim,não votou,não,não,não,sim,não,sim,não,sim,não,sim,não votou,não votou,sim,não votou
178841,Cícero Almeida,pmdb,AL,sim,sim,sim,sim,sim,não,sim,não,sim,sim,não,sim,não,sim,não votou,sim,sim,sim,sim,não,sim
144523,Daniel Vilela,pmdb,GO,não,sim,não,sim,sim,não,sim,sim,sim,sim,sim,sim,sim,sim,sim,sim,sim,sim,não votou,sim,sim
73891,Darcísio Perondi,pmdb,RS,sim,não,sim,não,sim,sim,não,sim,não,não,sim,sim,sim,sim,sim,sim,sim,sim,não,sim,sim
178994,Dulce Miranda,pmdb,TO,sim,sim,sim,sim,sim,sim,sim,-,não,sim,sim,sim,sim,sim,sim,-,sim,sim,sim,não,sim
73447,Edinho Araújo,pmdb,SP,não,não votou,não votou,não votou,não votou,não votou,não votou,não votou,não votou,não votou,não votou,não votou,não votou,não votou,não votou,não votou,não votou,não votou,não votou,não votou,não votou
73793,Edinho Bez,pmdb,SC,sim,não votou,não,sim,sim,abstenção,sim,não votou,sim,sim,abstenção,sim,sim,sim,sim,não votou,sim,sim,não,sim,sim
74173,Eduardo Cunha,pmdb,RJ,art. 17,art. 17,art. 17,art. 17,art. 17,art. 17,art. 17,não votou,art. 17,art. 17,art. 17,art. 17,art. 17,art. 17,art. 17,não votou,art. 17,art. 17,art. 17,art. 17,art. 17
74075,Elcione Barbalho,pmdb,PA,sim,não votou,sim,sim,não,não,não votou,sim,não,não,sim,sim,sim,não votou,sim,-,não votou,não votou,sim,não votou,não votou
171623,Fabio Reis,pmdb,SE,sim,sim,não,sim,sim,sim,sim,-,sim,sim,sim,sim,não,sim,sim,não,sim,sim,não votou,sim,sim
163831,Fernando Jordão,pmdb,RJ,sim,sim,sim,sim,sim,sim,sim,não votou,sim,sim,sim,sim,sim,sim,sim,não votou,sim,sim,não votou,sim,sim
141434,Flaviano Melo,pmdb,AC,não votou,não,não votou,sim,sim,sim,sim,sim,sim,sim,sim,sim,sim,não,sim,sim,não votou,sim,não votou,não,não votou
141427,Fábio Ramalho,pmdb,MG,sim,sim,não votou,sim,sim,sim,não,sim,não,não,não votou,sim,sim,sim,sim,sim,sim,não,sim,não,sim
73772,Hermes Parcianello,pmdb,PR,sim,sim,sim,sim,sim,sim,sim,-,sim,sim,não,sim,não,sim,não,não,não,sim,sim,sim,sim
178884,Hildo Rocha,pmdb,MA,sim,sim,sim,sim,sim,sim,sim,sim,sim,sim,não votou,sim,sim,não,sim,sim,sim,sim,não,sim,não
160674,Hugo Motta,pmdb,PB,sim,sim,não votou,sim,sim,sim,sim,sim,sim,sim,não votou,sim,sim,sim,sim,-,sim,sim,não votou,não,não votou
131943,Jarbas Vasconcelos,pmdb,PE,não,não,não,não,sim,sim,sim,sim,não,não,não,sim,não,sim,sim,sim,não votou,sim,sim,sim,sim
194262,Jones Martins,pmdb,RS,não votou,não votou,não votou,não votou,não votou,não votou,não votou,sim,não votou,não votou,não votou,não votou,não votou,não votou,não votou,sim,não votou,não votou,não votou,não votou,não votou
114941,Josi Nunes,pmdb,TO,sim,sim,sim,sim,sim,sim,sim,sim,não,não,sim,sim,não,sim,sim,não,sim,sim,sim,não,sim
131966,José Fogaça,pmdb,RS,sim,não,não votou,não,não,não,sim,não,não,não,não,sim,não,não,sim,não,sim,não,sim,não,sim
74079,José Priante,pmdb,PA,não votou,não,sim,sim,não votou,não votou,sim,sim,não votou,não votou,sim,não votou,sim,sim,não votou,sim,sim,não votou,não votou,não,não votou
160573,João Arruda,pmdb,PR,não,não,não,sim,sim,não,não,sim,não,não,não votou,sim,não,sim,não,-,sim,sim,não votou,sim,sim
112437,João Marcelo Souza,pmdb,MA,sim,não votou,não votou,sim,sim,sim,abstenção,sim,não,não,sim,sim,sim,não votou,sim,sim,sim,sim,sim,não votou,não votou
178839,Jéssica Sales,pmdb,AC,sim,sim,não votou,não votou,não votou,não votou,sim,sim,sim,sim,sim,não votou,sim,sim,não votou,não,não votou,sim,não votou,não,não votou
178918,Kaio Maniçoba,pmdb,PE,sim,não,não,sim,sim,sim,sim,sim,não,sim,não votou,sim,não,sim,sim,-,sim,sim,sim,não,sim
74856,Laura Carneiro,pmdb,RJ,não votou,não votou,não votou,não votou,não votou,não votou,não votou,sim,não votou,não votou,não votou,não votou,não votou,não votou,não votou,sim,não votou,não votou,não votou,não votou,não votou
141562,Lelo Coimbra,pmdb,ES,não,sim,sim,não,sim,não,sim,sim,não,não,sim,sim,não,sim,sim,sim,sim,não votou,não,sim,sim
74254,Leonardo Picciani,pmdb,RJ,não votou,sim,sim,sim,sim,sim,sim,não votou,sim,sim,sim,sim,sim,não,sim,não votou,sim,sim,não votou,sim,não votou
141482,Leonardo Quintão,pmdb,MG,sim,sim,sim,sim,sim,sim,sim,sim,sim,sim,sim,sim,sim,sim,sim,sim,sim,não votou,não votou,não,sim
178954,Lucio Mosquini,pmdb,RO,sim,sim,sim,sim,sim,sim,sim,sim,sim,sim,sim,sim,sim,sim,não,-,sim,sim,não votou,sim,sim
94931,Lucio Vieira Lima,pmdb,BA,não votou,não votou,não votou,sim,sim,sim,sim,sim,sim,sim,sim,sim,sim,não votou,sim,-,não votou,sim,sim,não votou,não votou
141490,Manoel Junior,pmdb,PB,não votou,não votou,não votou,sim,sim,sim,sim,não votou,sim,sim,sim,sim,sim,sim,sim,não votou,sim,sim,não votou,sim,sim
74460,Marcelo Castro,pmdb,PI,não votou,sim,não votou,não,não,não,sim,sim,sim,abstenção,sim,sim,sim,sim,sim,-,sim,sim,não votou,não,não votou
178942,Marco Antônio Cabral,pmdb,RJ,não votou,não votou,não votou,não votou,não votou,não votou,não votou,-,não votou,não votou,não votou,não votou,não votou,não votou,não votou,sim,não votou,não votou,não votou,não votou,não votou
178850,Marcos Rotta,pmdb,AM,sim,sim,sim,sim,sim,sim,sim,não votou,sim,sim,não,sim,não,sim,sim,não votou,sim,sim,não votou,sim,sim
74177,Marinha Raupp,pmdb,RO,não votou,sim,sim,não,sim,não,sim,sim,não,não,sim,sim,não votou,sim,não,sim,sim,não votou,não votou,não,sim
181315,Marquinho Mendes,pmdb,RJ,sim,sim,sim,sim,sim,sim,sim,não votou,sim,sim,sim,sim,sim,sim,sim,não votou,sim,sim,não votou,sim,sim
178843,Marx Beltrão,pmdb,AL,sim,sim,não votou,sim,sim,sim,sim,não votou,sim,sim,não,não,sim,sim,sim,não votou,sim,sim,não votou,sim,sim
74749,Mauro Lopes,pmdb,MG,sim,não votou,não,sim,sim,sim,sim,sim,sim,não votou,sim,sim,sim,não votou,sim,sim,sim,sim,sim,não votou,sim
141507,Mauro Mariani,pmdb,SC,sim,não,sim,não,sim,sim,sim,sim,sim,sim,sim,sim,sim,sim,sim,-,não,sim,sim,sim,sim
124411,Mauro Pereira,pmdb,RS,sim,sim,sim,não,sim,sim,sim,sim,sim,sim,sim,sim,não,sim,sim,sim,sim,sim,não,não,sim
178997,Moses Rodrigues,pmdb,CE,sim,não,sim,sim,não,não,sim,sim,sim,sim,não,sim,não,não,não,não,sim,sim,não,sim,sim
178896,Newton Cardoso Jr,pmdb,MG,sim,sim,sim,sim,sim,sim,sim,sim,não votou,não votou,sim,sim,sim,sim,sim,-,não,sim,sim,não,não
73463,Osmar Serraglio,pmdb,PR,sim,sim,não votou,sim,sim,sim,sim,não votou,sim,sim,não votou,sim,não votou,sim,sim,não votou,sim,sim,sim,não votou,não votou
73692,Osmar Terra,pmdb,RS,não votou,sim,sim,não votou,não votou,não votou,sim,não votou,não,não,sim,não votou,sim,não votou,não,não votou,sim,não votou,sim,não,sim
74812,Pedro Chaves,pmdb,GO,não votou,sim,não,sim,sim,sim,sim,sim,sim,sim,sim,sim,sim,sim,sim,-,sim,sim,sim,não,sim
122158,Pedro Paulo,pmdb,RJ,não votou,não votou,não votou,não votou,não votou,não votou,não votou,sim,não votou,não votou,não votou,não votou,não votou,não votou,não votou,sim,não votou,não votou,não votou,não votou,não votou
141532,Rocha Loures,pmdb,PR,não votou,não votou,não votou,não votou,não votou,não votou,não votou,sim,não votou,não votou,não votou,não votou,não votou,não votou,não votou,-,não votou,não votou,não votou,não votou,não votou
178897,Rodrigo Pacheco,pmdb,MG,sim,não votou,não,sim,sim,não,sim,sim,não votou,não votou,sim,sim,sim,não votou,sim,sim,sim,sim,sim,não votou,sim
160651,Rogério Peninha Mendonça,pmdb,SC,sim,sim,não,sim,sim,sim,sim,sim,sim,sim,sim,sim,sim,sim,sim,sim,sim,sim,não,não,sim
160515,Ronaldo Benedet,pmdb,SC,sim,sim,sim,sim,sim,não,sim,sim,sim,sim,sim,sim,sim,sim,sim,-,sim,sim,sim,sim,sim
74762,Saraiva Felipe,pmdb,MG,sim,sim,sim,não votou,sim,não votou,sim,sim,não,não,sim,sim,sim,sim,sim,sim,sim,sim,sim,não,sim
178933,Sergio Souza,pmdb,PR,sim,não,sim,sim,sim,sim,sim,sim,sim,sim,sim,sim,sim,não,sim,sim,sim,sim,sim,sim,não votou
160612,Sergio Zveiter,pmdb,RJ,não votou,sim,sim,não votou,não votou,não votou,sim,sim,não votou,não votou,sim,não votou,sim,sim,sim,sim,não votou,não votou,não votou,não,sim
74765,Silas Brasileiro,pmdb,MG,sim,sim,não,não votou,não votou,não votou,sim,não votou,não votou,sim,não votou,não votou,não votou,sim,sim,não votou,sim,sim,sim,sim,sim
178911,Simone Morgado,pmdb,PA,sim,sim,sim,não,não,não,sim,não,não,não,sim,sim,sim,sim,não votou,não,sim,sim,sim,não,sim
178946,Soraya Santos,pmdb,RJ,não votou,não votou,sim,sim,sim,sim,sim,sim,sim,sim,sim,sim,sim,não votou,sim,sim,sim,sim,não votou,não votou,sim
74010,Valdir Colatto,pmdb,SC,sim,não,sim,não votou,não votou,não votou,sim,sim,sim,sim,sim,não votou,sim,sim,sim,sim,não,sim,sim,não,sim
141552,Valtenir Pereira,pmdb,MT,sim,não,sim,não,não,não,não,sim,sim,sim,sim,sim,sim,não,sim,sim,sim,não votou,sim,não,sim
178913,Veneziano Vital do Rêgo,pmdb,PB,não,sim,sim,sim,sim,sim,não votou,não,sim,sim,não,sim,sim,sim,sim,não,sim,sim,sim,não,sim
178869,Vitor Valim,pmdb,CE,sim,sim,sim,sim,sim,não,sim,não,sim,sim,não,sim,não,sim,não,-,sim,não votou,sim,sim,sim
178952,Walter Alves,pmdb,RN,sim,sim,não votou,sim,sim,sim,sim,-,sim,sim,sim,sim,sim,sim,sim,não,sim,sim,sim,sim,sim
160620,Washington Reis,pmdb,RJ,sim,não votou,sim,sim,não votou,sim,não votou,não votou,não,não,sim,não votou,sim,não votou,sim,não votou,sim,sim,não votou,não votou,sim
193066,Wilson Beserra,pmdb,RJ,não votou,não votou,não votou,não votou,não votou,não votou,não votou,sim,não votou,não votou,não votou,não votou,não votou,não votou,não votou,sim,não votou,não votou,não votou,não votou,não votou
191945,Zé Augusto Nalin,pmdb,RJ,não votou,não votou,não votou,não votou,não votou,não votou,não votou,não,não votou,não votou,não votou,não votou,não votou,não votou,não votou,sim,não votou,não votou,não votou,não votou,não votou
178864,Adail Carneiro,pp,CE,sim,não,não,sim,sim,sim,sim,sim,não,não,sim,sim,não,sim,sim,sim,sim,sim,sim,não,sim
136811,Afonso Hamm,pp,RS,sim,sim,não,não,não,não,sim,não,sim,sim,não,sim,não,sim,sim,não,não,sim,sim,não,sim
160527,Aguinaldo Ribeiro,pp,PB,sim,sim,não,sim,sim,sim,não,sim,não votou,não votou,sim,sim,sim,sim,sim,sim,sim,sim,sim,não,sim
178831,André Abdon,pp,AP,sim,não,não,não,sim,não,sim,sim,sim,sim,sim,sim,sim,não,sim,sim,sim,sim,sim,não,sim
178882,André Fufuca,pp,MA,sim,sim,sim,sim,sim,sim,sim,sim,sim,sim,sim,sim,sim,sim,sim,-,sim,sim,não,não,sim
160541,Arthur Lira,pp,AL,sim,não votou,não,sim,sim,sim,não votou,sim,sim,sim,sim,sim,sim,não,sim,sim,sim,sim,não,não votou,não votou
178948,Beto Rosado,pp,RN,sim,sim,não,não,sim,sim,não votou,sim,sim,sim,não votou,sim,não,sim,sim,-,sim,sim,sim,não,sim
178906,Beto Salame,pp,PA,não votou,sim,sim,não,não,não,sim,não,não,não,sim,sim,sim,sim,não,não,sim,sim,sim,não,sim
93083,Cacá Leão,pp,BA,sim,sim,não,sim,sim,sim,sim,sim,sim,sim,sim,sim,sim,sim,sim,sim,sim,sim,sim,não,sim
178848,Conceição Sampaio,pp,AM,não,sim,sim,sim,sim,não,abstenção,não,não,não,não,sim,não,sim,sim,não,não,sim,sim,sim,sim
178963,Covatti Filho,pp,RS,sim,sim,sim,sim,sim,sim,sim,sim,sim,sim,sim,sim,não,sim,sim,-,não,sim,não,não,sim
73768,Dilceu Sperafico,pp,PR,sim,sim,sim,sim,sim,sim,sim,sim,sim,sim,sim,sim,sim,sim,sim,sim,sim,sim,sim,não,sim
160599,Dimas Fabiano,pp,MG,sim,sim,não,sim,sim,sim,sim,não,sim,sim,sim,sim,não,sim,sim,sim,sim,sim,sim,sim,sim
141421,Eduardo da Fonte,pp,PE,não votou,não,sim,não votou,não votou,não votou,sim,não,sim,sim,sim,não votou,sim,não votou,sim,sim,não votou,não votou,não votou,não votou,não votou
160649,Esperidião Amin,pp,SC,não,não,não,sim,não,não,sim,não,sim,sim,não,sim,não,sim,sim,não,não,sim,não votou,não,sim
178904,Ezequiel Fonseca,pp,MT,não,sim,sim,sim,sim,sim,sim,sim,sim,sim,sim,sim,sim,sim,sim,sim,sim,sim,sim,não,sim
66828,Fausto Pinato,pp,SP,sim,não,não,não,sim,não,sim,sim,sim,sim,sim,sim,não,não,sim,sim,não,sim,não votou,não,sim
92699,Fernando Monteiro,pp,PE,sim,sim,não votou,sim,sim,sim,não,sim,sim,sim,não votou,sim,sim,sim,sim,sim,sim,sim,sim,não votou,sim
186775,Franklin Lima,pp,MG,sim,não,não,não,sim,não,sim,sim,sim,sim,sim,sim,não,sim,sim,sim,sim,sim,sim,não,não votou
160667,Guilherme Mussi,pp,SP,sim,não votou,sim,sim,sim,sim,não votou,-,sim,sim,sim,sim,sim,sim,sim,sim,sim,sim,não votou,não,sim
178959,Hiran Gonçalves,pp,RR,sim,não,sim,sim,sim,não,sim,sim,sim,sim,sim,sim,sim,não,sim,sim,sim,sim,não votou,não,não
67138,Iracema Portella,pp,PI,sim,sim,sim,sim,sim,sim,sim,sim,não votou,sim,sim,sim,sim,sim,sim,sim,sim,sim,sim,não votou,sim
160570,Jerônimo Goergen,pp,RS,sim,não votou,sim,não,sim,sim,sim,sim,sim,sim,não,sim,não,não votou,sim,sim,sim,sim,não,não votou,sim
74388,Jorge Boeira,pp,SC,não votou,não,não votou,não,não,não,não votou,não,sim,sim,não,sim,não,não,não,não,não votou,sim,não votou,sim,não votou
74395,José Otávio Germano,pp,RS,sim,não votou,sim,sim,não,não votou,sim,-,sim,sim,não,não votou,não,não votou,sim,-,não,sim,não votou,não votou,sim
74253,Julio Lopes,pp,RJ,sim,não,abstenção,sim,sim,sim,sim,sim,sim,sim,sim,sim,sim,sim,sim,sim,não votou,sim,não votou,não,sim
73483,Luis Carlos Heinze,pp,RS,sim,não,sim,sim,sim,sim,sim,sim,sim,sim,não,sim,não,sim,sim,sim,não,sim,sim,não,sim
141487,Luiz Fernando Faria,pp,MG,sim,sim,sim,sim,sim,não votou,não votou,sim,sim,sim,sim,não votou,sim,sim,sim,sim,sim,sim,não votou,não,sim
141480,Lázaro Botelho,pp,TO,sim,sim,sim,sim,sim,sim,sim,sim,sim,sim,sim,sim,sim,sim,sim,sim,sim,sim,não votou,não votou,sim
178867,Macedo,pp,CE,sim,sim,sim,sim,sim,não,não votou,-,não votou,não votou,sim,sim,sim,sim,não,-,sim,sim,sim,não,sim
151965,Maia Filho,pp,PI,não,sim,sim,sim,sim,sim,sim,sim,não,não,não votou,sim,não votou,sim,não votou,sim,sim,não votou,não votou,não votou,sim
178932,Marcelo Belinati,pp,PR,sim,não,não,sim,não,não,sim,não votou,sim,sim,não,sim,não,não,não,não votou,não,não,sim,sim,sim
74235,Marcus Vicente,pp,ES,sim,não votou,não,sim,sim,sim,sim,sim,sim,sim,sim,sim,não,não votou,sim,sim,não,sim,sim,não,sim
178858,Mário Negromonte Jr.,pp,BA,sim,sim,sim,sim,sim,sim,sim,sim,sim,sim,sim,não votou,sim,sim,sim,sim,sim,sim,não votou,não,sim
73781,Nelson Meurer,pp,PR,sim,sim,sim,sim,sim,sim,sim,sim,sim,sim,sim,sim,sim,sim,não,sim,sim,sim,sim,não,sim
74752,Odelmo Leão,pp,MG,sim,sim,não,sim,sim,não,sim,não votou,sim,sim,não,sim,não,sim,sim,não votou,não,sim,sim,não,sim
141517,Paulo Henrique Lustosa,pp,CE,não votou,não votou,não votou,não votou,não votou,não votou,não votou,-,não votou,não votou,não votou,não votou,não votou,não votou,não votou,sim,não votou,não votou,não votou,não votou,não votou
132056,Paulo Maluf,pp,SP,não votou,não votou,não votou,sim,sim,não votou,sim,sim,sim,sim,sim,não votou,sim,sim,sim,-,não votou,sim,não votou,não,não votou
171620,Renato Andrade,pp,MG,não votou,não votou,não votou,não votou,não votou,não votou,não votou,não,não votou,não votou,não votou,não votou,não votou,não votou,não votou,sim,não votou,não votou,não votou,não votou,não votou
141527,Renato Molling,pp,RS,não votou,sim,sim,sim,sim,sim,não votou,sim,sim,sim,não votou,sim,não,sim,sim,sim,não,sim,sim,sim,sim
160654,Renzo Braz,pp,MG,sim,sim,não votou,sim,sim,sim,não votou,sim,sim,sim,sim,sim,não,sim,não votou,sim,sim,sim,não votou,não,não votou
73788,Ricardo Barros,pp,PR,sim,não,não votou,sim,sim,sim,não votou,não votou,não,não,sim,sim,sim,não,sim,não votou,não votou,não votou,não votou,não votou,não votou
160655,Ricardo Izar,pp,SP,sim,não,não votou,sim,sim,sim,sim,sim,sim,sim,sim,sim,sim,sim,sim,sim,sim,não,não votou,não,sim
73674,Roberto Balestra,pp,GO,sim,não,sim,sim,sim,não votou,sim,sim,sim,sim,não,sim,não votou,sim,sim,-,não,sim,sim,sim,sim
141529,Roberto Britto,pp,BA,sim,sim,não,sim,não votou,sim,sim,sim,sim,sim,sim,sim,sim,sim,sim,sim,sim,sim,sim,não,sim
178861,Ronaldo Carletto,pp,BA,sim,sim,abstenção,sim,sim,sim,sim,sim,sim,sim,sim,sim,sim,sim,sim,sim,sim,sim,sim,não,sim
178870,Rôney Nemer,pp,DF,não,sim,sim,sim,sim,não,sim,não,sim,sim,não votou,não,sim,sim,sim,não,sim,sim,sim,sim,sim
74372,Sandes Júnior,pp,GO,não votou,sim,sim,sim,sim,não,sim,não votou,sim,sim,sim,sim,não,sim,sim,não votou,sim,sim,sim,sim,sim
73424,Simão Sessim,pp,RJ,sim,não votou,não votou,não votou,não votou,não votou,não votou,sim,sim,sim,sim,não votou,sim,não votou,sim,sim,não votou,sim,não votou,não votou,não votou
160611,Toninho Pinheiro,pp,MG,sim,sim,não votou,sim,sim,sim,sim,sim,sim,sim,sim,sim,sim,sim,sim,sim,sim,sim,sim,não,sim
141558,Waldir Maranhão,pp,MA,não votou,não votou,não votou,sim,sim,sim,não votou,sim,não,sim,sim,sim,sim,não votou,não votou,não,sim,não votou,sim,não votou,não votou
178972,Alex Manente,pps,SP,sim,não,sim,não,não,não,sim,sim,sim,sim,não,sim,não,não,sim,não,sim,sim,sim,sim,sim
160602,Arnaldo Jordy,pps,PA,sim,não,sim,não,não,não,sim,não,não,não,não,sim,não,não,não,não,não votou,não,não votou,sim,sim
160600,Arthur Oliveira Maia,pps,BA,sim,não votou,abstenção,sim,sim,sim,sim,sim,sim,sim,não,sim,não,não votou,sim,sim,sim,não votou,não votou,não votou,sim
164360,Carmen Zanotto,pps,SC,sim,não,sim,não,não,não,sim,não,não,não,não,sim,não,não,sim,não,sim,sim,sim,sim,sim
178883,Eliziane Gama,pps,MA,não,não,sim,não,não,não,sim,não,não,não,não,sim,não,não,não,não,sim,não,não,sim,sim
198198,Luzia Ferreira,pps,MG,não votou,não votou,não votou,não votou,não votou,não votou,não votou,sim,não votou,não votou,não votou,não votou,não votou,não votou,não votou,não votou,não votou,não votou,não votou,não votou,não votou
178880,Marcos Abrão,pps,GO,sim,não,sim,não,não,não,sim,sim,não,sim,não,sim,não,não,sim,sim,sim,sim,não,sim,sim
195997,Pollyana Gama,pps,SP,não votou,não votou,não votou,não votou,não votou,não votou,não votou,sim,não votou,não votou,não votou,não votou,não votou,não votou,não votou,não,não votou,não votou,não votou,não votou,não votou
74048,Raul Jungmann,pps,PE,não votou,não,não votou,não votou,não,não votou,sim,não votou,não,não,não,não,não,não,sim,não votou,sim,não,não votou,não,não votou
73805,Roberto Freire,pps,SP,não votou,não,sim,não,não,não,sim,não votou,não,não,não votou,sim,não,não,sim,não votou,sim,sim,sim,não,abstenção
73466,Rubens Bueno,pps,PR,sim,não,sim,não,não,não,sim,sim,não,não,não,sim,não,não,sim,sim,sim,sim,não,sim,sim
178968,Adelson Barreto,pr,SE,sim,sim,sim,sim,sim,sim,sim,não,sim,sim,não,sim,não,sim,sim,não,sim,não,não votou,sim,sim
141372,Aelton Freitas,pr,MG,sim,sim,sim,não,sim,sim,sim,sim,sim,sim,sim,sim,sim,sim,sim,-,sim,sim,sim,não,sim
178936,Alexandre Valle,pr,RJ,sim,não,sim,não,sim,sim,sim,-,não votou,não votou,sim,sim,não,sim,sim,não,sim,sim,sim,sim,sim
178846,Alfredo Nascimento,pr,AM,sim,não votou,não votou,não,sim,sim,sim,sim,não votou,não votou,sim,sim,sim,não votou,sim,não,sim,sim,sim,não votou,não votou
160551,Anderson Ferreira,pr,PE,sim,não,sim,não,sim,sim,sim,não votou,sim,sim,sim,sim,sim,sim,sim,não votou,não,sim,sim,não votou,sim
141513,Bilac Pinto,pr,MG,sim,sim,sim,não,sim,sim,sim,sim,sim,sim,sim,sim,sim,sim,sim,sim,sim,sim,sim,não,sim
178999,Brunny,pr,MG,não,não,sim,não,não votou,não,não,sim,sim,sim,sim,não votou,sim,não,não,-,não votou,não,sim,não,sim
178865,Cabo Sabino,pr,CE,não,sim,não,não,sim,não,sim,não,sim,sim,sim,sim,sim,não,não,não,não votou,não votou,sim,sim,sim
194261,Cajar Nardes,pr,RS,não votou,não votou,não votou,não votou,não votou,não votou,não votou,sim,não votou,não votou,não votou,não votou,não votou,não votou,não votou,sim,não votou,não votou,não votou,não votou,não votou
178829,Capitão Augusto,pr,SP,sim,não,sim,não,sim,sim,sim,sim,sim,sim,sim,sim,sim,sim,sim,sim,sim,sim,sim,não,sim
178928,Christiane de Souza Yared,pr,PR,não,não,sim,não,não,não,sim,não,não,não,não,sim,não,não,não,não,sim,sim,sim,não,sim
178939,Clarissa Garotinho,pr,RJ,sim,não,sim,não,não,não,sim,não votou,não,não,sim,sim,não,sim,não,não votou,não votou,não,sim,não,sim
178893,Delegado Edson Moreira,pr,MG,não,não,não,não,sim,sim,sim,sim,sim,sim,sim,sim,sim,não,sim,sim,não,sim,sim,não,sim
164359,Delegado Waldir,pr,GO,sim,sim,sim,sim,sim,sim,sim,não,sim,sim,não,sim,não,não,sim,não,sim,sim,sim,sim,sim
178940,Dr. João,pr,RJ,sim,não,abstenção,não,sim,sim,sim,não votou,sim,sim,sim,sim,sim,sim,sim,não votou,não,sim,sim,não,sim
141417,Edio Lopes,pr,RR,sim,sim,não,sim,sim,sim,sim,sim,sim,sim,sim,sim,sim,sim,sim,sim,sim,sim,não votou,não,sim
74383,Giacobo,pr,PR,não votou,sim,não votou,não,sim,sim,não votou,sim,sim,sim,sim,não votou,sim,sim,sim,-,não votou,não votou,não votou,não,sim
160673,Giovani Cherini,pr,RS,sim,sim,sim,não,não votou,não,sim,-,não,não,não,sim,não,sim,sim,-,sim,sim,não,não,sim
129618,Gorete Pereira,pr,CE,sim,sim,sim,não votou,não votou,não votou,sim,sim,sim,sim,sim,não votou,sim,sim,sim,sim,sim,sim,sim,não votou,sim
160509,Jorginho Mello,pr,SC,sim,não votou,sim,não,não votou,sim,não votou,sim,sim,sim,sim,não votou,sim,não votou,sim,-,sim,sim,não votou,não votou,sim
74140,José Carlos Araújo,pr,BA,sim,sim,sim,não,sim,sim,sim,sim,sim,sim,sim,sim,não votou,sim,sim,sim,não,sim,não votou,não,sim
74554,José Rocha,pr,BA,sim,não votou,sim,não,sim,sim,sim,sim,sim,sim,sim,sim,sim,não votou,sim,sim,sim,sim,não votou,não votou,sim
141458,João Carlos Bacelar,pr,BA,sim,não votou,não,não,sim,sim,não votou,sim,sim,não votou,sim,sim,sim,sim,não,sim,não votou,sim,não votou,não,sim
141478,Laerte Bessa,pr,DF,não,sim,não,não,sim,sim,não votou,sim,sim,sim,sim,sim,sim,sim,não votou,sim,sim,sim,sim,não votou,sim
178955,Luiz Cláudio,pr,RO,sim,abstenção,sim,não,sim,sim,sim,sim,sim,sim,sim,sim,sim,sim,sim,-,abstenção,sim,sim,não,sim
162332,Luiz Nishimori,pr,PR,sim,sim,sim,não,sim,sim,sim,sim,sim,sim,sim,sim,sim,sim,sim,sim,sim,sim,sim,não,sim
141484,Lúcio Vale,pr,PA,não,não,não,não,sim,sim,sim,sim,sim,sim,sim,sim,sim,sim,não votou,sim,sim,sim,sim,não,sim
166402,Magda Mofatto,pr,GO,não votou,sim,não,não,sim,sim,sim,sim,sim,sim,sim,sim,sim,sim,sim,sim,sim,sim,não votou,não,sim
195826,Marcelo Delaroli,pr,RJ,não votou,não votou,não votou,não votou,não votou,não votou,não votou,sim,não votou,não votou,não votou,não votou,não votou,não votou,não votou,não,não votou,não votou,não votou,não votou,não votou
179000,Marcelo Álvaro Antônio,pr,MG,sim,não,sim,sim,sim,não,sim,não,sim,sim,sim,sim,não,não,sim,sim,sim,sim,sim,não,sim
178983,Marcio Alvino,pr,SP,sim,sim,abstenção,não,sim,sim,sim,sim,sim,sim,sim,sim,sim,sim,sim,sim,sim,sim,não votou,não,sim
74050,Maurício Quintella Lessa,pr,AL,não votou,sim,abstenção,não,sim,sim,sim,não votou,sim,sim,sim,sim,sim,sim,sim,não votou,sim,não votou,não votou,não,sim
178985,Miguel Lombardi,pr,SP,sim,sim,abstenção,não,sim,sim,sim,sim,sim,sim,sim,sim,sim,sim,sim,sim,sim,sim,sim,não,sim
74787,Milton Monti,pr,SP,sim,sim,abstenção,não,sim,sim,sim,sim,sim,sim,sim,sim,sim,sim,sim,-,sim,não votou,sim,não,sim
74017,Paulo Feijó,pr,RJ,sim,não,sim,não votou,não votou,não votou,sim,sim,sim,sim,sim,não votou,não,sim,sim,sim,não,sim,sim,não,sim
160558,Paulo Freire,pr,SP,sim,não,abstenção,não,sim,não,não votou,-,sim,sim,não,sim,não,sim,não votou,não,não votou,sim,sim,não,sim
178960,Remídio Monai,pr,RR,não votou,sim,não,não,sim,sim,sim,sim,sim,sim,não votou,sim,sim,sim,sim,sim,sim,sim,não votou,não,sim
187008,Silas Freire,pr,PI,não,não,sim,não,não,sim,sim,sim,sim,sim,sim,sim,sim,sim,não,sim,sim,não,sim,não,sim
160976,Tiririca,pr,SP,sim,sim,sim,não,sim,sim,sim,não,sim,sim,sim,sim,não,sim,não,não,sim,sim,sim,não,sim
137070,Vicentinho Júnior,pr,TO,não,sim,não,não,sim,sim,sim,sim,sim,sim,sim,sim,sim,sim,sim,sim,não votou,sim,não votou,não,sim
160591,Vinicius Gurgel,pr,AP,não votou,não,não,não,sim,sim,sim,sim,sim,sim,não votou,sim,sim,sim,sim,-,não votou,não votou,sim,não,não votou
74043,Wellington Roberto,pr,PB,sim,sim,sim,não,sim,sim,sim,-,sim,não votou,sim,sim,sim,sim,sim,-,sim,não votou,não votou,não,sim
178949,Zenaide Maia,pr,RN,não,sim,sim,não,sim,sim,sim,não,não,não,sim,sim,sim,sim,abstenção,não,sim,não,sim,não,sim
178836,Alan Rick,prb,AC,não,sim,sim,não,sim,não,sim,sim,sim,sim,sim,sim,não,sim,sim,não,sim,sim,sim,não,sim
141383,Antonio Bulhões,prb,SP,sim,não,não,não,sim,não,sim,sim,sim,sim,sim,sim,sim,não,não,sim,sim,sim,sim,não,sim
73437,Beto Mansur,prb,SP,sim,não votou,não,não,sim,sim,sim,sim,sim,sim,não votou,sim,sim,não votou,sim,sim,sim,sim,sim,não votou,não votou
178962,Carlos Gomes,prb,RS,sim,sim,não,não,sim,não,sim,sim,sim,sim,sim,sim,sim,sim,sim,sim,sim,sim,não,não,sim
73441,Celso Russomanno,prb,SP,sim,não,sim,não,sim,não,não votou,sim,sim,sim,sim,sim,sim,não,não votou,sim,sim,sim,não votou,não,sim
141408,Cleber Verde,prb,MA,sim,não votou,sim,não,sim,não,não votou,sim,sim,sim,sim,sim,sim,não votou,sim,sim,sim,sim,não votou,não votou,sim
160576,César Halum,prb,TO,sim,não votou,não,não,sim,sim,sim,sim,sim,sim,sim,sim,sim,sim,sim,sim,sim,sim,sim,sim,sim
196357,Dejorge Patrício,prb,RJ,não votou,não votou,não votou,não votou,não votou,não votou,não votou,não,não votou,não votou,não votou,não votou,não votou,não votou,não votou,-,não votou,não votou,não votou,não votou,não votou
160531,Jhonatan de Jesus,prb,RR,não,sim,não votou,não,sim,não,sim,-,sim,sim,não votou,sim,não,não,sim,sim,sim,sim,sim,não,não votou
178971,Jony Marcos,prb,SE,sim,não,sim,não,sim,não,não,não,sim,sim,sim,sim,sim,não,não,não,não votou,não,não votou,sim,sim
74366,João Campos,prb,GO,sim,não,abstenção,não,sim,sim,sim,-,sim,sim,não,sim,não,sim,sim,sim,sim,sim,sim,sim,sim
74585,Lincoln Portela,prb,MG,abstenção,não votou,sim,não,sim,não,sim,não,sim,sim,sim,sim,não votou,não votou,não,não,sim,não,sim,não votou,sim
141483,Lindomar Garçon,prb,RO,não votou,sim,não votou,sim,sim,sim,não votou,sim,abstenção,sim,sim,sim,sim,sim,sim,sim,sim,sim,não,sim,não votou
118594,Marcelo Squassoni,prb,SP,sim,não,abstenção,não,sim,não,sim,sim,sim,sim,sim,sim,não,sim,sim,sim,sim,sim,sim,sim,sim
150418,Márcio Marinho,prb,BA,sim,não,não votou,não,sim,não,sim,sim,sim,sim,sim,sim,não,não,não,sim,sim,sim,sim,não,sim
193982,Pastor Luciano Braga,prb,BA,não votou,não votou,não votou,não votou,não votou,não votou,não votou,sim,não votou,não votou,não votou,não votou,não votou,não votou,não votou,abstenção,não votou,não votou,não votou,não votou,não votou
152610,Roberto Alves,prb,SP,não,não,sim,não,sim,não,sim,sim,sim,sim,sim,sim,sim,não,não votou,sim,sim,sim,sim,não,sim
178944,Roberto Sales,prb,RJ,não,não,sim,não,sim,não,sim,-,sim,sim,sim,sim,não votou,sim,sim,sim,sim,não votou,sim,não,sim
122466,Ronaldo Martins,prb,CE,não,não,não,não,sim,não,sim,não,sim,sim,sim,sim,não,não,não,não,sim,sim,sim,não,sim
178945,Rosangela Gomes,prb,RJ,sim,não,sim,não,sim,não,sim,sim,sim,sim,sim,sim,não,não,sim,-,sim,sim,sim,não,sim
74356,Silas Câmara,prb,AM,sim,sim,abstenção,não,sim,sim,sim,sim,não votou,não votou,sim,sim,sim,sim,não votou,sim,não,sim,sim,não,sim
178991,Sérgio Reis,prb,SP,não votou,não votou,não votou,não,sim,não,sim,-,não votou,não votou,sim,sim,sim,não votou,não votou,sim,sim,sim,sim,não votou,não votou
178862,Tia Eron,prb,BA,sim,não,sim,não,sim,não,não votou,não votou,sim,sim,sim,sim,não,não,sim,-,sim,sim,sim,não,sim
141555,Vinicius Carvalho,prb,SP,não,não,não,não,sim,não,sim,sim,sim,sim,sim,sim,sim,não,sim,sim,sim,sim,sim,não,sim
74213,Antonio Balhmann,pros,CE,não votou,não votou,não,não,não,sim,não votou,não votou,sim,sim,sim,sim,sim,não votou,sim,não votou,não votou,não votou,não votou,não votou,sim
160640,Eros Biondini,pros,MG,sim,sim,sim,sim,sim,sim,sim,não,não,sim,não,sim,não,sim,não,não,sim,sim,não votou,não,sim
141430,Felipe Bornier,pros,RJ,não votou,sim,sim,sim,sim,sim,sim,não,sim,sim,não,sim,não,sim,não votou,sim,não,sim,sim,sim,sim
178868,Odorico Monteiro,pros,CE,sim,sim,sim,não,não,não,abstenção,não,não,não,sim,sim,sim,sim,não,não,não votou,não,sim,não,sim
160637,Ronaldo Fonseca,pros,DF,sim,não,não,não,não,não,sim,não,sim,sim,não,sim,não,não,sim,não,não votou,sim,sim,sim,sim
178934,Toninho Wandscheer,pros,PR,sim,sim,sim,não,não,não,sim,sim,não,não votou,sim,sim,sim,sim,não,sim,sim,não votou,não,não,não votou
74308,Vicente Arruda,pros,CE,sim,não votou,não votou,não votou,não votou,não votou,não,não votou,não votou,não votou,não votou,não votou,não votou,não votou,não votou,não votou,sim,não votou,sim,não votou,não votou
194260,Nivaldo Albuquerque,prp,AL,não votou,não votou,não votou,não votou,não votou,não votou,não votou,sim,não votou,não votou,não votou,não votou,não votou,não votou,não votou,sim,não votou,não votou,não votou,não votou,não votou
178903,Adilton Sachetti,psb,MT,sim,sim,não,não,sim,sim,sim,-,sim,sim,sim,sim,não,sim,sim,sim,sim,sim,não,sim,sim
178834,Bebeto,psb,BA,não votou,sim,sim,não,não,não,não,não,não,não,não,sim,não,sim,não,-,não,não,não votou,não,não votou
194258,Creuza Pereira,psb,PE,não votou,não votou,não votou,não votou,não votou,não votou,não votou,não votou,não votou,não votou,não votou,não votou,não votou,não votou,não votou,não,não votou,não votou,não votou,não votou,não votou
178838,César Messias,psb,AC,sim,sim,não,não,não votou,não,sim,-,não,não,não,não votou,não,sim,não votou,sim,não votou,não votou,não votou,não,sim
160528,Danilo Cabral,psb,PE,não votou,não votou,não votou,não votou,não votou,não votou,não votou,não,não votou,não votou,não votou,não votou,não votou,não votou,não votou,não,não votou,não votou,não votou,não votou,não votou
62881,Danilo Forte,psb,CE,não votou,sim,não,sim,sim,sim,sim,sim,sim,sim,sim,sim,não,sim,sim,-,não,sim,não votou,não,sim
178905,Fabio Garcia,psb,MT,sim,sim,não,não,sim,sim,sim,sim,sim,sim,sim,sim,não,sim,sim,-,sim,sim,não votou,sim,sim
190149,Fabricio Oliveira,psb,SC,não,não votou,não votou,não votou,não votou,não votou,sim,não votou,não votou,não votou,não votou,não votou,não votou,não votou,não votou,não votou,sim,não votou,sim,não votou,não votou
141431,Fernando Coelho Filho,psb,PE,sim,sim,não,não,sim,sim,sim,sim,não,não,sim,sim,não,sim,sim,não votou,sim,não,sim,não,sim
178978,Flavinho,psb,SP,não,não,sim,não,não,não,sim,não,não,não,não,sim,não,sim,sim,não,sim,não,sim,não,sim
141441,George Hilton,psb,MG,não votou,não votou,não votou,não votou,não votou,não votou,não votou,-,não votou,não votou,não votou,não votou,não votou,não votou,não votou,não,não votou,não votou,não votou,não votou,não votou
74419,Gonzaga Patriota,psb,PE,não,não,sim,não,não,não,não votou,não,sim,sim,não,sim,não,sim,sim,-,sim,sim,não votou,não,sim
178964,Heitor Schuch,psb,RS,não,sim,sim,não,não,não,sim,não,não,não,não,sim,não,sim,não,-,sim,não,não votou,não,sim
97707,Heráclito Fortes,psb,PI,sim,não votou,não votou,sim,sim,sim,sim,sim,abstenção,sim,não votou,sim,não,sim,sim,-,sim,não,sim,não,não votou
141450,Hugo Leal,psb,RJ,sim,não votou,sim,sim,sim,sim,sim,-,não,não,sim,sim,sim,não votou,sim,-,sim,não votou,não votou,não votou,não votou
178842,JHC,psb,AL,não,sim,sim,não,não,não,sim,não,não,sim,não,sim,não,não,não votou,-,sim,sim,sim,sim,sim
73926,Janete Capiberibe,psb,AP,não,sim,sim,não,não,não,não votou,não,não,não,não votou,sim,não votou,sim,não,não,não votou,não votou,não votou,não,sim
160607,Jose Stédile,psb,RS,não,sim,sim,não,não,não,sim,não,não,não,não,sim,não,sim,não,não,não,não,não votou,não,sim
73714,José Reinaldo,psb,MA,sim,sim,não,sim,sim,sim,não votou,sim,sim,sim,sim,sim,sim,sim,sim,sim,sim,não votou,não,não,sim
178917,João Fernando Coutinho,psb,PE,não,sim,sim,não,sim,não,abstenção,sim,não,não,sim,sim,não,sim,sim,-,não,não,sim,não,sim
73586,Júlio Delgado,psb,MG,não,sim,sim,não,não,sim,sim,não,não,abstenção,não,sim,não votou,sim,sim,não,sim,não,sim,não,sim
160659,Keiko Ota,psb,SP,não votou,sim,sim,não,sim,sim,sim,não,sim,sim,sim,sim,sim,sim,sim,-,não,não,não votou,não,sim
160663,Leopoldo Meyer,psb,PR,sim,não votou,sim,não,não,não,sim,não,não,não,não,sim,não,sim,sim,sim,sim,não,não votou,não,sim
81366,Luana Costa,psb,MA,não votou,não votou,não votou,não votou,não votou,não votou,não votou,não,não votou,não votou,não votou,não votou,não votou,não votou,não votou,-,não votou,não votou,não votou,não votou,não votou
178931,Luciano Ducci,psb,PR,não,sim,sim,não,sim,sim,sim,não,sim,sim,não,sim,não,sim,sim,sim,sim,sim,não votou,não,sim
178982,Luiz Lauro Filho,psb,SP,não,não,não,não,sim,sim,sim,sim,sim,sim,não votou,sim,sim,sim,sim,sim,sim,não,sim,não,sim
64960,Maria Helena,psb,RR,não,sim,sim,não,sim,sim,sim,sim,não,não,não,sim,não,sim,não,sim,não votou,não,não votou,não,sim
178919,Marinaldo Rosendo,psb,PE,não,sim,sim,sim,não,não,sim,sim,sim,sim,sim,sim,não,sim,sim,sim,sim,não votou,não votou,não,sim
160517,Paulo Foletto,psb,ES,sim,sim,sim,não,não,não,sim,sim,não,sim,não,sim,não,sim,sim,-,não,sim,sim,não,sim
178951,Rafael Motta,psb,RN,sim,sim,sim,não,sim,não,sim,não,não,sim,sim,sim,não votou,sim,não votou,não,sim,sim,não,não votou,sim
178926,Rodrigo Martins,psb,PI,não,sim,sim,não,não,sim,sim,sim,não votou,não votou,não,sim,não,sim,sim,sim,sim,não,não,não,sim
167614,Severino Ninho,psb,PE,não votou,não votou,não votou,não votou,não votou,não votou,não votou,não votou,não votou,não votou,não votou,não votou,não votou,não votou,não votou,não,não votou,não votou,não votou,não votou,não votou
178922,Tadeu Alencar,psb,PE,não,sim,sim,não,não,não,não,não,não,não,sim,sim,não,sim,não,-,não,não,não votou,não,sim
178898,Tenente Lúcio,psb,MG,não,sim,sim,não,sim,sim,sim,sim,não,não,não,sim,sim,sim,sim,sim,não,não,sim,sim,sim
178901,Tereza Cristina,psb,MS,sim,sim,sim,não votou,sim,não votou,sim,sim,não,sim,sim,sim,sim,sim,sim,sim,não,sim,não,não,sim
141384,Valadares Filho,psb,SE,não,não votou,sim,não,sim,não,sim,não,não,sim,não,sim,não,não votou,não votou,-,sim,não,sim,não votou,sim
74459,Átila Lira,psb,PI,sim,sim,sim,não,sim,sim,sim,sim,não,não,sim,sim,sim,sim,não,sim,sim,não,sim,não,sim
160543,Andre Moura,psc,SE,não votou,sim,sim,sim,sim,sim,sim,sim,sim,sim,não votou,sim,não,sim,sim,sim,não,não votou,não votou,não votou,sim
74833,Arolde de Oliveira,psc,RJ,não votou,não votou,não votou,não votou,não votou,não votou,não votou,sim,não votou,não votou,não votou,não votou,não votou,não votou,não votou,sim,não votou,não votou,não votou,não votou,não votou
92346,Eduardo Bolsonaro,psc,SP,não,sim,não,sim,sim,sim,sim,sim,sim,sim,não,sim,não,sim,não votou,sim,não,sim,sim,abstenção,sim
74270,Gilberto Nascimento,psc,SP,sim,não votou,sim,sim,sim,sim,sim,sim,sim,sim,não,sim,não,não votou,sim,-,não,sim,não votou,não votou,sim
178855,Irmão Lazaro,psc,BA,não votou,sim,sim,não,não,sim,sim,não,não votou,sim,não,sim,não,não,sim,não,sim,sim,não votou,sim,sim
74847,Jair Bolsonaro,psc,RJ,não,sim,não,sim,sim,sim,sim,sim,sim,sim,não,sim,não,sim,não votou,abstenção,não,sim,sim,não,sim
67312,Júlia Marinho,psc,PA,sim,sim,sim,não votou,sim,não votou,sim,não,sim,sim,não,sim,não,sim,sim,sim,não,sim,sim,sim,sim
160601,Pr. Marco Feliciano,psc,SP,sim,sim,sim,sim,sim,não,sim,sim,sim,sim,não votou,sim,não votou,não,não,abstenção,não,sim,não votou,sim,sim
148134,Professor Victório Galli,psc,MT,sim,sim,sim,sim,sim,não,sim,sim,sim,sim,não,sim,não,sim,sim,sim,não,sim,sim,sim,sim
74385,Takayama,psc,PR,não votou,não votou,não votou,não votou,não votou,não votou,sim,sim,não votou,sim,não votou,não votou,não votou,não votou,não votou,-,sim,não votou,sim,não votou,não votou
74471,André de Paula,psd,PE,não votou,não votou,não votou,não votou,não votou,não votou,não votou,sim,não votou,não votou,não votou,não votou,não votou,não votou,não votou,sim,não votou,não votou,não votou,não votou,não votou
160553,Antonio Brito,psd,BA,abstenção,sim,abstenção,sim,sim,sim,sim,não,não,não,não,sim,abstenção,não,sim,-,sim,sim,não votou,não,sim
73720,Cesar Souza,psd,SC,sim,não,sim,sim,sim,sim,sim,-,sim,sim,não votou,sim,sim,sim,sim,abstenção,não,sim,sim,sim,não votou
160552,Danrlei de Deus Hinterholz,psd,RS,sim,sim,sim,não,sim,sim,sim,sim,sim,sim,sim,sim,sim,sim,não,sim,sim,sim,sim,não,sim
178908,Delegado Éder Mauro,psd,PA,não,não,sim,não,sim,sim,sim,sim,sim,sim,não,sim,sim,sim,abstenção,-,sim,sim,sim,não,sim
160588,Diego Andrade,psd,MG,sim,não votou,não votou,não,sim,sim,sim,-,sim,sim,sim,sim,sim,não votou,sim,sim,sim,sim,sim,não votou,sim
143632,Domingos Neto,psd,CE,sim,não votou,abstenção,sim,sim,não,sim,sim,não,não votou,sim,sim,sim,não votou,sim,sim,sim,sim,não votou,não votou,sim
160578,Edmar Arruda,psd,PR,não votou,sim,não votou,sim,sim,não,sim,sim,sim,sim,não,sim,sim,sim,não votou,sim,não,não votou,sim,sim,não votou
178930,Evandro Roman,psd,PR,sim,não,sim,não,sim,sim,sim,sim,sim,sim,sim,sim,sim,sim,sim,sim,sim,sim,sim,não,sim
178953,Expedito Netto,psd,RO,não,sim,não votou,não,sim,sim,sim,não,não,sim,não,sim,não votou,sim,sim,não,sim,sim,sim,não,não votou
160676,Fernando Torres,psd,BA,sim,não votou,não,sim,sim,sim,sim,não votou,não,não,sim,sim,não votou,não votou,sim,não votou,sim,sim,sim,não votou,sim
141428,Fábio Faria,psd,RN,sim,sim,sim,não,sim,sim,abstenção,sim,sim,sim,sim,sim,sim,sim,sim,sim,sim,sim,sim,não,sim
178969,Fábio Mitidieri,psd,SE,não,sim,não votou,não,sim,sim,sim,não,sim,sim,sim,sim,sim,sim,sim,não,não,sim,sim,não,sim
178980,Goulart,psd,SP,sim,sim,abstenção,não,sim,sim,sim,sim,sim,sim,não votou,sim,sim,sim,sim,-,não votou,não,sim,não,sim
178981,Herculano Passos,psd,SP,sim,não,abstenção,não,sim,sim,sim,sim,sim,sim,sim,sim,sim,sim,sim,sim,sim,sim,sim,não,sim
160596,Heuler Cruvinel,psd,GO,sim,não,não,não votou,não votou,não votou,sim,sim,sim,sim,sim,não votou,não,sim,sim,não,não,sim,não,não,sim
141389,Indio da Costa,psd,RJ,não votou,não,abstenção,não,sim,sim,sim,não votou,sim,sim,não votou,sim,sim,não,não votou,não votou,sim,sim,sim,sim,sim
81232,Irajá Abreu,psd,TO,sim,não votou,sim,não votou,não votou,não votou,sim,sim,sim,sim,sim,não votou,sim,não votou,sim,sim,não votou,sim,não votou,não votou,sim
74665,Jaime Martins,psd,MG,sim,sim,não votou,sim,sim,sim,sim,sim,sim,sim,sim,sim,sim,sim,sim,-,sim,sim,não votou,sim,não votou
74273,Jefferson Campos,psd,SP,sim,sim,abstenção,sim,sim,sim,sim,sim,sim,sim,não,sim,não,sim,sim,-,não votou,sim,não votou,não,sim
178910,Joaquim Passarinho,psd,PA,não votou,não,sim,não,sim,sim,sim,sim,sim,sim,não,sim,sim,sim,sim,sim,sim,sim,sim,não,sim
160619,José Nunes,psd,BA,sim,sim,sim,sim,não,não,não votou,não,sim,sim,sim,sim,sim,sim,sim,sim,sim,sim,sim,sim,sim
178967,João Paulo Kleinübing,psd,SC,não votou,não votou,não votou,não votou,não votou,não votou,não votou,sim,não votou,não votou,não votou,não votou,não votou,não votou,não votou,sim,não votou,não votou,não votou,não votou,não votou
160571,João Rodrigues,psd,SC,sim,não,não,sim,sim,sim,sim,sim,sim,sim,não,sim,não,sim,sim,não,não,sim,sim,não,sim
74317,Júlio Cesar,psd,PI,sim,sim,abstenção,sim,sim,sim,sim,sim,sim,sim,sim,sim,sim,sim,sim,sim,sim,sim,sim,não,sim
141500,Marcos Montes,psd,MG,sim,não,não,sim,sim,sim,sim,sim,sim,sim,sim,sim,sim,sim,sim,sim,sim,sim,sim,sim,sim
178852,Marcos Reategui,psd,AP,não,sim,abstenção,não,sim,não,não votou,sim,não,sim,não,sim,não votou,sim,não,sim,sim,não,não votou,sim,sim
74574,Paulo Magalhães,psd,BA,sim,não,não,não,sim,não,sim,sim,não,não,sim,sim,sim,sim,não votou,sim,sim,sim,sim,não,sim
178998,Raquel Muniz,psd,MG,sim,sim,sim,sim,sim,não,sim,sim,sim,sim,não,sim,não,sim,sim,sim,não,sim,sim,não,sim
73786,Reinhold Stephanes,psd,PR,não votou,não votou,não votou,não votou,não votou,não votou,não votou,sim,não votou,não votou,não votou,não votou,não votou,não votou,não votou,sim,não votou,não votou,não votou,não votou,não votou
160426,Rogério Rosso,psd,DF,sim,sim,sim,não,sim,sim,sim,sim,sim,sim,sim,sim,sim,sim,sim,não,abstenção,sim,sim,sim,sim
141536,Rômulo Gouveia,psd,PB,não,sim,sim,sim,sim,sim,sim,sim,sim,sim,sim,sim,sim,sim,sim,sim,sim,sim,sim,sim,sim
160621,Sandro Alex,psd,PR,sim,não,sim,não,não,não,sim,sim,sim,sim,não,sim,não,não,sim,sim,sim,sim,sim,sim,sim
92776,Stefano Aguiar,psd,MG,sim,sim,abstenção,sim,sim,sim,sim,não,sim,sim,não,sim,não,sim,sim,não,não,não,não votou,não,sim
73808,Sérgio Brito,psd,BA,sim,sim,não,sim,sim,não,sim,-,sim,sim,sim,sim,sim,sim,sim,sim,sim,sim,sim,sim,sim
160617,Thiago Peixoto,psd,GO,sim,não votou,não votou,não votou,não votou,não votou,não votou,sim,não votou,não votou,não votou,não votou,não votou,não votou,não votou,sim,não votou,não votou,não votou,não votou,não votou
178888,Victor Mendes,psd,MA,sim,não,sim,sim,sim,não,sim,sim,não votou,não votou,sim,sim,sim,sim,sim,sim,sim,não,não,não,sim
141560,Walter Ihoshi,psd,SP,não votou,não,não,não,sim,sim,sim,sim,sim,sim,sim,sim,sim,não,sim,-,abstenção,sim,sim,não,sim
74090,Átila Lins,psd,AM,não votou,sim,não,não votou,sim,não votou,sim,sim,sim,sim,sim,sim,sim,não votou,sim,sim,sim,sim,sim,não votou,sim
196359,Adérmis Marini,psdb,SP,não votou,não votou,não votou,não votou,não votou,não votou,não votou,sim,não votou,não votou,não votou,não votou,não votou,não votou,não votou,sim,não votou,não votou,não votou,não votou,não votou
160530,Antonio Imbassahy,psdb,BA,sim,não,não,não,sim,sim,sim,não votou,sim,sim,não,sim,não,não,sim,não votou,sim,sim,sim,sim,sim
178847,Arthur Virgílio Bisneto,psdb,AM,sim,não,sim,sim,sim,sim,sim,sim,sim,sim,não,sim,não,sim,sim,não,sim,sim,sim,não,sim
178915,Betinho Gomes,psdb,PE,sim,não,sim,não,sim,sim,abstenção,sim,não,não,não,sim,não,sim,sim,não,sim,sim,sim,sim,sim
74650,Bonifácio de Andrada,psdb,MG,sim,não,sim,sim,sim,sim,sim,-,sim,sim,não votou,sim,não,não,não votou,-,não,sim,sim,não,sim
160589,Bruna Furlan,psdb,SP,sim,não,sim,sim,sim,sim,sim,sim,sim,sim,não votou,sim,não,sim,sim,sim,não votou,sim,não votou,não,sim
141394,Bruno Araújo,psdb,PE,sim,não,abstenção,sim,sim,sim,sim,sim,sim,sim,não votou,sim,não,sim,não votou,não votou,sim,sim,sim,não,sim
178976,Bruno Covas,psdb,SP,sim,não,não,não,sim,sim,sim,não votou,sim,sim,não,sim,não,não,sim,não votou,sim,não,sim,não,sim
178891,Caio Narcio,psdb,MG,sim,não,abstenção,não,sim,sim,sim,sim,sim,sim,não,sim,não,sim,sim,sim,não,sim,sim,não,não votou
74262,Carlos Sampaio,psdb,SP,não votou,não,sim,não,sim,sim,sim,sim,sim,sim,não,sim,não,sim,não votou,sim,não votou,sim,não votou,não,sim
178876,Célio Silveira,psdb,GO,sim,não,abstenção,sim,sim,sim,sim,sim,sim,sim,não,sim,não,sim,sim,não,sim,sim,não,não,sim
178916,Daniel Coelho,psdb,PE,sim,não,sim,sim,sim,abstenção,abstenção,sim,sim,sim,não,sim,não,sim,sim,não,não,não,sim,sim,sim
160758,Domingos Sávio,psdb,MG,sim,não,abstenção,não,sim,sim,sim,sim,sim,sim,não,sim,não votou,sim,sim,sim,não,sim,não votou,não,sim
74655,Eduardo Barbosa,psdb,MG,sim,sim,sim,não,sim,sim,sim,sim,não,não,não,sim,não,sim,sim,sim,não,sim,sim,não,sim
178977,Eduardo Cury,psdb,SP,sim,não,abstenção,não,sim,sim,sim,sim,sim,sim,não,sim,não,não,sim,sim,não,sim,não votou,sim,sim
181316,Elizeu Dionizio,psdb,MS,sim,sim,sim,não,sim,não,sim,sim,sim,sim,sim,sim,sim,sim,sim,sim,não,sim,sim,não,sim
178877,Fábio Sousa,psdb,GO,sim,não,abstenção,sim,sim,sim,sim,sim,sim,sim,não,não,não,não,sim,sim,sim,não votou,não,sim,sim
178966,Geovania de Sá,psdb,SC,sim,sim,sim,não,sim,sim,sim,não,sim,sim,não,sim,não,sim,não,não,não votou,não votou,sim,não,sim
74374,Geraldo Resende,psdb,MS,sim,sim,sim,não,sim,sim,sim,sim,sim,sim,não votou,sim,sim,sim,sim,sim,sim,sim,não,não,sim
178878,Giuseppe Vecci,psdb,GO,sim,não,sim,abstenção,sim,sim,sim,sim,sim,sim,não,sim,não,sim,sim,sim,não votou,sim,não,não,sim
194259,Guilherme Coelho,psdb,PE,não votou,não votou,não votou,não votou,não votou,não votou,não votou,não votou,não votou,não votou,não votou,não votou,não votou,não votou,não votou,sim,não votou,não votou,não votou,não votou,não votou
4931,Izalci Lucas,psdb,DF,sim,não,não,não,sim,sim,sim,sim,sim,sim,não,sim,não,sim,sim,sim,sim,sim,sim,não,sim
196378,Izaque Silva,psdb,SP,não votou,não votou,não votou,não votou,não votou,não votou,não votou,sim,não votou,não votou,não votou,não votou,não votou,não votou,não votou,não,não votou,não votou,não votou,não votou,não votou
74445,João Castelo,psdb,MA,sim,não,sim,sim,sim,sim,sim,não votou,sim,sim,não,sim,não,sim,sim,não votou,não,sim,sim,não,sim
178856,João Gualberto,psdb,BA,não votou,sim,abstenção,sim,sim,sim,sim,-,sim,sim,não,não votou,não,sim,sim,sim,sim,não votou,sim,não,sim
178988,João Paulo Papa,psdb,SP,sim,não,sim,não,sim,sim,sim,sim,não,sim,não,sim,não,não,sim,-,sim,não votou,sim,não,sim
74570,Jutahy Junior,psdb,BA,sim,não,não,sim,sim,sim,sim,sim,sim,sim,não votou,sim,não votou,não,não votou,sim,sim,não votou,sim,não,não
74277,Lobbe Neto,psdb,SP,sim,não,sim,não votou,não votou,não votou,sim,sim,sim,sim,não,não votou,não,não,sim,não,sim,não votou,sim,sim,sim
73778,Luiz Carlos Hauly,psdb,PR,não votou,não,sim,não,sim,sim,não votou,sim,sim,sim,não,sim,não,não,sim,sim,sim,sim,não votou,não,sim
160565,Mara Gabrilli,psdb,SP,sim,não votou,não votou,não,sim,abstenção,não votou,sim,não,sim,não,sim,não,não votou,não,não,sim,sim,não votou,não votou,não votou
160536,Marco Tebaldi,psdb,SC,sim,sim,sim,não,sim,sim,sim,sim,sim,sim,não,sim,não,sim,sim,sim,não votou,sim,não votou,não,sim
159238,Marcus Pestana,psdb,MG,sim,não,abstenção,não,sim,sim,sim,sim,sim,sim,não,sim,não,sim,sim,sim,não,sim,sim,não,sim
178956,Mariana Carvalho,psdb,RO,sim,não,sim,não votou,não votou,não votou,sim,sim,sim,sim,não,não votou,não,sim,sim,não,sim,sim,sim,sim,sim
178827,Max Filho,psdb,ES,sim,não,sim,abstenção,não,não,sim,não votou,não,não,não,sim,não,abstenção,não votou,não votou,não,sim,não votou,sim,sim
178984,Miguel Haddad,psdb,SP,sim,não,abstenção,não,sim,sim,sim,sim,sim,sim,não,sim,não,não,sim,sim,sim,sim,sim,sim,sim
160567,Nelson Marchezan Junior,psdb,RS,sim,não,não,não,sim,sim,sim,não votou,sim,sim,não,sim,não,não,sim,não votou,sim,sim,sim,não,sim
160566,Nelson Padovani,psdb,PR,não votou,não votou,não votou,não votou,não votou,não votou,não votou,sim,não votou,não votou,não votou,não votou,não votou,não votou,não votou,sim,não votou,não votou,não votou,não votou,não votou
166401,Nilson Leitão,psdb,MT,sim,não votou,abstenção,não,sim,sim,sim,sim,sim,sim,não votou,sim,não,sim,sim,sim,não,sim,não votou,sim,sim
74352,Nilson Pinto,psdb,PA,sim,não,não,sim,sim,sim,sim,sim,sim,sim,não,sim,não,sim,sim,sim,sim,sim,sim,sim,sim
141515,Otavio Leite,psdb,RJ,sim,não votou,não,sim,sim,sim,sim,sim,sim,sim,não,sim,não,sim,sim,sim,sim,não,sim,não,sim
141516,Paulo Abi-Ackel,psdb,MG,sim,não,não,sim,sim,sim,não votou,sim,sim,sim,não,sim,não,sim,sim,sim,sim,sim,sim,não,sim
178912,Pedro Cunha Lima,psdb,PB,sim,não,não,sim,sim,sim,sim,sim,sim,sim,não,sim,não,não,sim,sim,não,sim,não,não,sim
178844,Pedro Vilela,psdb,AL,sim,não,abstenção,não votou,não votou,não votou,sim,sim,sim,sim,não,não votou,não,não,sim,não,sim,sim,não,sim,sim
74216,Raimundo Gomes de Matos,psdb,CE,sim,sim,abstenção,não,não votou,sim,sim,sim,sim,sim,não,não votou,não,sim,sim,-,sim,sim,não votou,não,sim
141472,Ricardo Tripoli,psdb,SP,sim,não,não,sim,sim,sim,sim,sim,sim,sim,não,sim,não,sim,sim,sim,não votou,sim,sim,sim,sim
178840,Rocha,psdb,AC,sim,não,não votou,sim,sim,sim,sim,-,sim,sim,não,sim,não,sim,sim,não,não,sim,sim,não,não votou
141531,Rodrigo de Castro,psdb,MG,sim,sim,sim,sim,sim,sim,sim,sim,sim,sim,não,sim,não,sim,sim,sim,sim,sim,sim,não,sim
141535,Rogério Marinho,psdb,RN,sim,não,abstenção,sim,sim,sim,sim,sim,não votou,sim,não,sim,não,sim,sim,sim,sim,sim,sim,sim,sim
178935,Rossoni,psdb,PR,sim,sim,sim,sim,sim,sim,sim,não votou,sim,sim,não,sim,não,sim,sim,não votou,sim,sim,sim,não,sim
178990,Samuel Moreira,psdb,SP,sim,não,não,não,não votou,sim,sim,não votou,sim,sim,não,não votou,não,não,sim,não votou,sim,sim,sim,sim,sim
178961,Shéridan,psdb,RR,sim,não votou,sim,sim,sim,sim,sim,sim,sim,sim,não,sim,não,não votou,sim,sim,não votou,não votou,sim,não votou,sim
73560,Silvio Torres,psdb,SP,sim,não votou,abstenção,não,sim,sim,sim,sim,sim,sim,não,sim,não,sim,sim,sim,sim,sim,sim,não,sim
141553,Vanderlei Macris,psdb,SP,sim,não,abstenção,não,sim,sim,sim,sim,sim,sim,não votou,sim,não,sim,não votou,sim,sim,sim,sim,não,sim
178992,Vitor Lippi,psdb,SP,sim,não,sim,não,sim,sim,sim,sim,sim,sim,não,sim,não,sim,sim,sim,sim,sim,sim,não,sim
73992,Yeda Crusius,psdb,RS,não votou,não votou,não votou,não votou,não votou,não votou,não votou,sim,não votou,não votou,não votou,não votou,não votou,não votou,não votou,sim,não votou,não votou,não votou,não votou,não votou
141454,Alfredo Kaefer,psl,PR,sim,não,não,não,sim,sim,sim,sim,sim,sim,não,sim,não,sim,sim,sim,sim,sim,não votou,não,sim
178892,Dâmina Pereira,psl,MG,sim,sim,não votou,não,sim,sim,sim,não,sim,sim,sim,sim,sim,sim,sim,não,sim,sim,não votou,não,não votou
74171,Chico Alencar,psol,RJ,não,não,sim,não,obstrução,não,não,não,não,obstrução,não,sim,não,sim,não,não,não,não,não,não,sim
134812,Edmilson Rodrigues,psol,PA,não,não,sim,não,obstrução,não,não,não,não,obstrução,não,sim,não,sim,não,não,não,não,não,não,sim
152605,Glauber Braga,psol,RJ,não,não,sim,não,não,não,não,não,não,não,não,sim,não,não,não,não,não,não,não,não,sim
73531,Ivan Valente,psol,SP,não,não,sim,não,obstrução,não,não,não,não,obstrução,não,sim,não,sim,não,não,não,não,não,não,sim
160672,Jean Wyllys,psol,RJ,não,não,sim,não,obstrução,não,não,não,não,obstrução,não,sim,não,sim,não,não,não,não,não,não,sim
74784,Luiza Erundina,psol,SP,não,não votou,não votou,não votou,não votou,não votou,não,não,não,não,não votou,não votou,não votou,não votou,não,não,não,não votou,não votou,não votou,não votou
178890,Adelmo Carneiro Leão,pt,MG,não,não votou,sim,não,não,não,não,não,não,não,sim,sim,sim,sim,não,não,sim,não,sim,não,não votou
160508,Afonso Florence,pt,BA,não,não,sim,não,não,não,não,não,não,não,sim,sim,sim,sim,não,não,sim,não,sim,não,sim
178973,Ana Perugini,pt,SP,não,não,sim,não,não,não,não,não,não,não,sim,sim,sim,sim,não,não,sim,não,sim,não,sim
178974,Andres Sanchez,pt,SP,não,não,sim,não,não,não,sim,não,não,não,sim,sim,sim,sim,não,não,sim,não,sim,não,sim
178837,Angelim,pt,AC,não,não,sim,não,não,não,não,não,não,não,sim,sim,sim,sim,não,não,sim,não,abstenção,não,sim
73433,Arlindo Chinaglia,pt,SP,não,não,sim,não,não,não,não votou,não,não,não,sim,sim,sim,sim,não,não,sim,não,não votou,não,sim
159237,Assis Carvalho,pt,PI,sim,não,não votou,não,não,não,não,não,não votou,não votou,sim,sim,sim,sim,não,não,sim,não,sim,não,não votou
73701,Benedita da Silva,pt,RJ,não,não,sim,não,não,não,não votou,não,não,não,sim,sim,sim,sim,não,não,sim,não,sim,não,sim
141335,Beto Faro,pt,PA,não,não,sim,não,não,não,não,não,não,não,sim,sim,sim,sim,não,não,sim,não,sim,não,sim
160538,Bohn Gass,pt,RS,não,não,sim,não,não,não,não,não,não,não,sim,sim,sim,sim,não,não,sim,não,abstenção,não,sim
178853,Caetano,pt,BA,não,não,sim,não,não,não,não votou,não,não,não,sim,sim,sim,sim,não,não,sim,não,sim,não,sim
141398,Carlos Zarattini,pt,SP,sim,não,não votou,não,não,não,não,não,não,não,sim,sim,sim,sim,não,não,sim,não,sim,não,não votou
141439,Chico D´Angelo,pt,RJ,não,não,sim,não,não,não,não,não,não,não,sim,sim,sim,sim,não,não,sim,não,sim,não,sim
141413,Décio Lima,pt,SC,não,não,sim,não,não,não,não,não,não,não,não votou,sim,sim,sim,não,não,não votou,não,sim,não votou,sim
132504,Enio Verri,pt,PR,sim,não,sim,não,não,não,não,não,não,não,sim,sim,sim,sim,não,não,sim,não,sim,não,sim
160575,Erika Kokay,pt,DF,não,não,sim,não,não,não,não,não,não,não,não votou,sim,não votou,sim,não,-,sim,não,sim,não,sim
146829,Fabiano Horta,pt,RJ,não votou,não votou,não votou,não votou,não votou,não votou,não votou,não votou,não votou,não votou,sim,não votou,sim,não votou,não,não votou,não votou,não,não votou,não votou,não votou
73481,Fernando Marroni,pt,RS,não votou,não,sim,não,não,não,não,não votou,não,não,sim,sim,sim,sim,não,não votou,sim,não,sim,não,sim
129037,Gabriel Guimarães,pt,MG,sim,não,não votou,não,não,não,não,-,não,não,sim,sim,sim,sim,não votou,-,sim,não,não votou,não,não votou
178872,Givaldo Vieira,pt,ES,sim,não,sim,não,não,não,não,não,não,não,sim,sim,sim,sim,não,não,sim,não,sim,não,sim
178873,Helder Salomão,pt,ES,não,não,sim,não,não,não,não,não,não,não,sim,sim,sim,sim,não,não,sim,não,abstenção,não,sim
73482,Henrique Fontana,pt,RS,não votou,não,sim,não,não,não,não,não,não,não,sim,sim,sim,sim,não,não,sim,não,sim,não,sim
178857,Jorge Solla,pt,BA,não,sim,sim,não,não,não,não votou,não,não,não,sim,sim,sim,sim,não,-,sim,não,não votou,não,sim
141464,José Airton Cirilo,pt,CE,sim,não,sim,não,não,não,não,não,não,não,sim,sim,sim,sim,não,não,não votou,não,sim,não,sim
141470,José Guimarães,pt,CE,sim,não,não votou,não,não,não,não,não,não,não,sim,sim,sim,sim,não,não,sim,sim,não votou,não,sim
74275,José Mentor,pt,SP,não votou,não,sim,não,não,não,não,não,não,não,sim,sim,sim,sim,não,-,sim,não,não votou,não,sim
178970,João Daniel,pt,SE,não,não,sim,não,não,não,não,não,não,não,sim,sim,sim,sim,não,não,sim,não,sim,não,sim
178825,Leo de Brito,pt,AC,não,não,sim,não,não,não,não,não,não,não,sim,não,sim,sim,não,não,sim,não,não votou,não,sim
74156,Leonardo Monteiro,pt,MG,não,não,sim,não,não,não,não,não,não,não,sim,sim,sim,sim,não,não,não votou,não,sim,não,sim
74041,Luiz Couto,pt,PB,não,não,sim,não,não,não,não,não,não,não,sim,sim,sim,sim,não,não,não,não,sim,não,sim
74688,Luiz Sérgio,pt,RJ,não votou,não,sim,não,não,não,não,não,não,não,não votou,sim,sim,sim,não,não,sim,sim,sim,não,não votou
178866,Luizianne Lins,pt,CE,não,não,sim,não,não,não,não votou,não,não,não,não votou,sim,não votou,sim,não,não,sim,não,sim,não,sim
133373,Marco Maia,pt,RS,não,não,sim,não,não,não,não,não,não,não,sim,sim,sim,sim,não,não,sim,não,sim,não,sim
160535,Marcon,pt,RS,não,não,sim,não,não,não,não,não,não,não,não votou,sim,não votou,sim,não,não,não,não,sim,não,sim
171619,Margarida Salomão,pt,MG,abstenção,não,sim,não,não,não,não,não,não,não,sim,sim,sim,sim,não,não,sim,não,sim,não,sim
74398,Maria do Rosário,pt,RS,não,não,sim,não,não,não,não votou,não,não,não,sim,não,sim,sim,não,não,sim,não,sim,não,sim
188097,Merlong Solano,pt,PI,não votou,não votou,não votou,não votou,não votou,não votou,não votou,não votou,não votou,não votou,não votou,não votou,sim,não votou,não,não votou,não votou,abstenção,não votou,não votou,não votou
178859,Moema Gramacho,pt,BA,não,não,sim,não,não,não,não,não votou,não,não,sim,sim,sim,sim,não,não votou,sim,não,sim,não,não votou
74571,Nelson Pellegrino,pt,BA,não votou,não votou,não votou,não votou,não votou,não votou,não votou,não,não votou,não votou,não votou,não votou,não votou,não votou,não votou,não,não votou,não votou,não votou,não votou,não votou
178986,Nilto Tatto,pt,SP,não,não,sim,não,não,não,não,não,não,não,sim,sim,sim,sim,não,não,sim,não,sim,não,sim
160556,Padre João,pt,MG,não,não,sim,não,não,não,não,não,não,não,não votou,sim,não votou,sim,não,não,sim,não,sim,não,sim
74160,Patrus Ananias,pt,MG,não votou,não votou,não votou,não votou,não votou,não votou,não votou,não,não votou,não votou,não votou,não votou,não votou,não votou,não votou,não,não votou,não votou,não votou,não votou,não votou
74400,Paulo Pimenta,pt,RS,não,não,sim,não,não,não,não,não,não,não,sim,sim,sim,sim,não,não,sim,não,não votou,não,sim
141488,Paulo Teixeira,pt,SP,não,não,sim,não,não,não,não,não,não,não,sim,sim,sim,sim,não,não,não votou,não,não votou,não,sim
171617,Paulão,pt,AL,abstenção,não,sim,não,não,não,não,não,não,não,sim,sim,sim,sim,não,não,sim,não,sim,não,sim
160604,Pedro Uczai,pt,SC,não,não,sim,não,não,não,não,não,não,não,não votou,sim,não votou,sim,não,não,sim,não,abstenção,não,sim
141445,Pepe Vargas,pt,RS,não,não votou,não votou,não votou,não votou,não votou,não votou,não,não votou,não votou,não votou,não votou,não votou,não votou,não votou,não,não votou,não votou,não votou,não votou,não votou
74161,Reginaldo Lopes,pt,MG,não,não,sim,não,não,não,não votou,não,não,não,sim,sim,sim,sim,não votou,não,sim,não votou,não votou,não,não
91208,Robinson Almeida,pt,BA,não votou,não votou,não votou,não votou,não votou,não votou,não votou,não,não votou,não votou,não votou,não votou,não votou,não votou,não votou,não,não votou,não votou,não votou,não votou,não votou
74371,Rubens Otoni,pt,GO,sim,não,sim,não,não,não,sim,não,não,não,sim,sim,sim,sim,não votou,não,sim,não,sim,não,sim
160613,Sibá Machado,pt,AC,sim,não,sim,não,não,não,não,não votou,não,não,sim,sim,sim,sim,não,não votou,não votou,não,não votou,não,sim
160630,Ságuas Moraes,pt,MT,não,não,sim,não,não,não,não,não,não,não,sim,sim,não votou,sim,não,não,sim,não votou,sim,não,sim
160610,Valmir Assunção,pt,BA,não,não,sim,não,não,não,não,não,não,não,sim,sim,sim,sim,não,não,sim,não,sim,não,sim
113247,Valmir Prascidelli,pt,SP,sim,não,sim,não,não,não,não,não,não,não,sim,sim,sim,sim,não,não,não votou,não,sim,não,não votou
74376,Vander Loubet,pt,MS,não,sim,não votou,não,não,não,sim,não,não,não votou,sim,sim,sim,sim,não,não,sim,não votou,não votou,não,não votou
160622,Vicente Candido,pt,SP,sim,não,sim,não,não,não,não votou,não,não,não,sim,sim,sim,sim,não,não,não votou,não,não votou,não,não votou
74283,Vicentinho,pt,SP,não,não,sim,não,não,não,não,não,não,não,sim,sim,sim,sim,não,não,sim,não,sim,não,sim
189593,Wadih Damous,pt,RJ,não,não,sim,não,não,não,não,não,não,não,não votou,sim,não votou,sim,não votou,não,não,não votou,sim,não,sim
160569,Waldenor Pereira,pt,BA,não,não,sim,não,não,não,não votou,não,não,não,sim,sim,sim,sim,não,não,não votou,não,sim,não,sim
160592,Zeca Dirceu,pt,PR,não,não,sim,não,não,não,não,-,não,não,sim,não,sim,sim,não,não,sim,não,não votou,não,sim
178902,Zeca do Pt,pt,MS,não,sim,não votou,não,não,não,não,não,não votou,não votou,sim,sim,sim,sim,não,não,sim,não,sim,não,não votou
178889,Zé Carlos,pt,MA,não votou,não,sim,não,não,não,não,não,não,não,não votou,sim,não votou,sim,não,não,não,não,sim,não,sim
73931,Zé Geraldo,pt,PA,não,não,sim,não,não,não,não,não,não,não,sim,sim,sim,sim,não,não,sim,não,não votou,não,sim
178914,Adalberto Cavalcanti,ptb,PE,sim,sim,sim,sim,sim,sim,sim,sim,sim,sim,não votou,sim,não votou,sim,não votou,-,sim,não votou,sim,sim,sim
73458,Alex Canziani,ptb,PR,sim,não,sim,não,sim,sim,não votou,sim,não,não,sim,não,sim,não,sim,sim,sim,sim,não votou,não votou,sim
73434,Arnaldo Faria de Sá,ptb,SP,sim,não,sim,sim,sim,sim,sim,não,sim,sim,não,sim,não,não,não,não,sim,sim,sim,sim,sim
74291,Arnon Bezerra,ptb,CE,sim,não votou,não votou,sim,sim,sim,sim,não votou,sim,não,sim,não,sim,não votou,sim,não votou,não votou,sim,não votou,não votou,sim
74535,Benito Gama,ptb,BA,sim,não,não,sim,sim,sim,sim,sim,sim,sim,não,sim,não,sim,sim,sim,sim,não votou,sim,não,sim
93472,Cristiane Brasil,ptb,RJ,não votou,não votou,sim,sim,sim,sim,sim,sim,sim,sim,não,sim,não,não votou,não votou,-,não votou,sim,não votou,não votou,não votou
74172,Deley,ptb,RJ,sim,não votou,sim,sim,sim,sim,sim,não,não,não votou,não,sim,não,não votou,não,não,sim,não,abstenção,não votou,sim
160572,Jorge Côrte Real,ptb,PE,sim,sim,sim,sim,sim,sim,sim,sim,sim,sim,sim,sim,sim,sim,sim,sim,não votou,sim,sim,não,sim
74351,Josué Bengtson,ptb,PA,sim,sim,não,sim,sim,sim,sim,sim,sim,sim,não,sim,não,sim,sim,sim,sim,sim,sim,sim,sim
73666,Jovair Arantes,ptb,GO,sim,sim,abstenção,sim,sim,sim,sim,sim,sim,sim,sim,não,sim,sim,sim,-,sim,sim,não votou,não,sim
141485,Luiz Carlos Busato,ptb,RS,sim,não votou,sim,sim,sim,sim,sim,não votou,não,não,sim,sim,sim,não votou,sim,não votou,sim,não votou,não votou,não votou,não votou
73553,Nelson Marquezelli,ptb,SP,sim,sim,não,sim,sim,sim,não votou,sim,sim,sim,sim,sim,sim,não,sim,sim,sim,sim,não,não,sim
74359,Nilton Capixaba,ptb,RO,sim,sim,sim,não votou,não votou,não votou,sim,sim,sim,sim,sim,não votou,não,sim,sim,sim,sim,não votou,sim,não,sim
74319,Paes Landim,ptb,PI,sim,não,não votou,sim,sim,sim,sim,sim,sim,sim,sim,sim,sim,não,sim,sim,sim,não,não votou,não,sim
74449,Pedro Fernandes,ptb,MA,não votou,não,não,não,sim,sim,sim,sim,não,não,sim,sim,sim,não,não,sim,não,sim,não,sim,sim
163321,Ronaldo Nogueira,ptb,RS,sim,não votou,não,não,sim,sim,sim,sim,sim,sim,não,sim,não,não,não,não votou,sim,não,sim,não,sim
141522,Sabino Castelo Branco,ptb,AM,não votou,não votou,não votou,não votou,não votou,não votou,não votou,não,não votou,não votou,não votou,não votou,não votou,não votou,não votou,sim,não votou,não votou,não votou,não votou,não votou
141542,Sérgio Moraes,ptb,RS,sim,sim,não,sim,sim,sim,sim,não,sim,sim,não,sim,não,sim,não votou,não,não,sim,não votou,não,sim
160636,Wilson Filho,ptb,PB,sim,sim,sim,sim,sim,não votou,não votou,sim,sim,sim,sim,sim,sim,sim,sim,não,sim,não,não,sim,sim
178923,Zeca Cavalcanti,ptb,PE,sim,sim,não votou,sim,sim,sim,sim,-,sim,sim,sim,sim,sim,sim,não,sim,sim,sim,sim,não,não votou
178938,Cabo Daciolo,ptdob,RJ,não,não,não votou,não votou,não,não votou,não votou,não,não,não,não,sim,não,não,não,não,não,não,não votou,sim,não votou
160510,Luis Tibé,ptdob,MG,não votou,não,sim,não,sim,não,sim,sim,sim,sim,sim,sim,sim,não,sim,sim,sim,sim,sim,não,sim
146949,Rosinha da Adefal,ptdob,AL,não votou,não votou,não votou,não votou,não votou,não votou,não votou,não,não votou,não votou,não votou,não votou,não votou,não votou,não votou,sim,não votou,não votou,não votou,não votou,não votou
4930,Silvio Costa,ptdob,PE,sim,não,não,não,sim,sim,não,não,não,não,sim,sim,sim,não,sim,não,sim,sim,sim,não,sim
133374,Ademir Camilo,ptn,MG,sim,sim,não,sim,não,não,sim,não,sim,sim,não votou,sim,não,sim,não,não,sim,sim,sim,não,sim
178875,Alexandre Baldy,ptn,GO,sim,não,abstenção,não votou,não votou,não votou,não votou,sim,sim,sim,não,não votou,não,sim,sim,sim,sim,sim,não votou,sim,sim
178881,Aluisio Mendes,ptn,MA,sim,sim,não,não,sim,não,não,sim,sim,sim,sim,sim,sim,não,sim,sim,sim,sim,sim,não,não
178950,Antônio Jácome,ptn,RN,não,sim,não votou,não,sim,não,sim,não,sim,sim,não,sim,não,não,não votou,abstenção,sim,sim,sim,sim,sim
69871,Bacelar,ptn,BA,sim,não,não,não,sim,não,sim,não,não,não,sim,sim,sim,não,não,não,sim,sim,sim,não,sim
178993,Carlos Henrique Gaguim,ptn,TO,sim,não,sim,sim,sim,sim,sim,sim,sim,sim,sim,sim,sim,sim,sim,sim,sim,sim,não,sim,sim
178830,Dr. Sinval Malheiros,ptn,SP,sim,não votou,sim,não,sim,não,sim,não,não,sim,não,sim,não,não votou,não votou,sim,não votou,não,sim,não votou,sim
178941,Ezequiel Teixeira,ptn,RJ,sim,não,abstenção,abstenção,sim,sim,sim,-,sim,sim,não,sim,não votou,sim,sim,sim,sim,sim,sim,sim,sim
178907,Francisco Chapadinha,ptn,PA,sim,não,sim,não votou,não votou,não votou,sim,sim,sim,não votou,não votou,não votou,sim,sim,sim,sim,sim,sim,sim,não,sim
178851,Jozi  Araújo,ptn,AP,sim,sim,sim,sim,sim,sim,não,sim,sim,sim,sim,sim,sim,sim,sim,sim,não votou,sim,não votou,não,sim
178802,Luiz Carlos Ramos,ptn,RJ,sim,não,sim,sim,sim,sim,sim,não,sim,sim,sim,sim,não,não,sim,não,sim,sim,sim,sim,sim
178989,Renata Abreu,ptn,SP,sim,não,sim,sim,não,não,sim,sim,sim,sim,sim,sim,sim,sim,sim,sim,sim,sim,sim,não,não votou
178920,Ricardo Teobaldo,ptn,PE,sim,sim,não votou,sim,sim,sim,sim,sim,sim,sim,sim,sim,sim,sim,sim,sim,não votou,sim,não votou,não,não votou
73584,Antonio Carlos Mendes Thame,pv,SP,sim,não,sim,não,sim,sim,sim,sim,não votou,não votou,não votou,sim,não,não,não votou,sim,sim,não votou,sim,não,sim
178871,Evair Vieira de Melo,pv,ES,não,sim,sim,não,não,sim,sim,sim,não,sim,sim,sim,não,sim,sim,não,não,sim,sim,sim,sim
178828,Evandro Gussi,pv,SP,sim,não,não votou,sim,sim,sim,não,sim,não,não,não,sim,não,sim,sim,sim,não votou,não,sim,não,sim
178832,Leandre,pv,PR,sim,sim,sim,não,não,não,sim,sim,sim,sim,não,sim,não,sim,sim,não,sim,não,sim,sim,sim
80920,Penna,pv,SP,não votou,não,sim,não,sim,não,não,não votou,sim,não,não votou,sim,não votou,sim,não votou,não votou,sim,não votou,não votou,sim,sim
160653,Roberto de Lucena,pv,SP,não votou,não votou,não votou,não votou,não votou,não votou,não votou,não,não votou,não votou,não votou,não votou,não votou,não votou,não votou,não,não votou,não votou,não votou,não votou,não votou
74210,Sarney Filho,pv,MA,não votou,sim,sim,não,sim,não,não,não votou,não,não,sim,não votou,sim,sim,não votou,não votou,sim,não,não votou,sim,não votou
178863,Uldurico Junior,pv,BA,sim,sim,não votou,não,sim,não,sim,não,não,não,sim,sim,não,não,não,não,sim,não,sim,não,não votou
141563,William Woo,pv,SP,não votou,não votou,não votou,não votou,não votou,não votou,não votou,não votou,não votou,não votou,sim,não votou,não,não votou,sim,não votou,não votou,não,não votou,não votou,não votou
160511,Alessandro Molon,rede,RJ,não,não,sim,não,não,não,não,não,não,não,sim,sim,sim,sim,não,não,sim,não,sim,não,sim
178927,Aliel Machado,rede,PR,não,não,sim,sim,não,não,não,não,não,não,sim,sim,não,não,não,não,sim,não,sim,não votou,sim
178965,João Derly,rede,RS,não,não votou,sim,sim,não,não,não votou,não,não,não,sim,sim,não,não,não,não,sim,não,não,não,sim
74862,Miro Teixeira,rede,RJ,não,não,sim,sim,não,não,sim,não,não,não,não,sim,não,não,não,não,não,não,não,sim,sim
73655,Augusto Carvalho,solidaried,DF,sim,sim,sim,sim,sim,não,não,não,não,não,não,sim,não,sim,sim,não,não,não,sim,sim,sim
160665,Augusto Coutinho,solidaried,PE,sim,não votou,não,não,sim,sim,sim,sim,sim,sim,não,não,não,não votou,sim,sim,sim,sim,não votou,não votou,sim
160512,Aureo,solidaried,RJ,sim,não votou,sim,não,sim,sim,sim,não,não,não,não,sim,não,não votou,sim,não,sim,não votou,sim,não votou,sim
74040,Benjamin Maranhão,solidaried,PB,sim,não votou,abstenção,não,sim,sim,sim,sim,sim,sim,não,sim,não,não votou,sim,sim,sim,sim,sim,não votou,sim
74163,Carlos Manato,solidaried,ES,sim,sim,não,sim,sim,sim,sim,não,sim,sim,não,sim,não,sim,sim,sim,sim,sim,sim,não,sim
160646,Delegado Francischini,solidaried,PR,não votou,sim,sim,sim,sim,sim,sim,não,sim,sim,não votou,sim,não votou,sim,não votou,-,sim,não votou,não votou,não,sim
160669,Genecias Noronha,solidaried,CE,sim,sim,não votou,sim,sim,sim,não votou,-,sim,não votou,não,sim,não,sim,sim,sim,sim,não votou,sim,não,não votou
151208,Laercio Oliveira,solidaried,SE,sim,não votou,sim,sim,não votou,sim,sim,sim,sim,não votou,não,sim,não,não votou,sim,sim,sim,sim,sim,não votou,sim
178894,Laudivio Carvalho,solidaried,MG,sim,sim,não,sim,sim,sim,sim,não,sim,sim,sim,sim,não,sim,sim,-,sim,sim,sim,sim,sim
178879,Lucas Vergilio,solidaried,GO,sim,sim,sim,sim,sim,sim,sim,sim,sim,sim,não,sim,não,sim,sim,não,sim,sim,sim,sim,sim
178826,Major Olimpio,solidaried,SP,sim,sim,abstenção,não,não,não,sim,não,sim,sim,não votou,sim,não,sim,sim,sim,não,não,sim,não,sim
141518,Paulo Pereira da Silva,solidaried,SP,sim,sim,abstenção,sim,não votou,sim,sim,não,sim,sim,não,não votou,não,sim,sim,não,não,sim,não votou,sim,sim
73930,Wladimir Costa,solidaried,PA,não votou,não votou,não votou,não votou,não votou,não votou,não votou,sim,não votou,não votou,não votou,não votou,não votou,não votou,não votou,sim,sim,não votou,não votou,não votou,não votou
160632,Zé Silva,solidaried,MG,sim,sim,sim,sim,sim,sim,sim,não,sim,sim,não,sim,não,sim,sim,não,sim,sim,sim,não,sim
