tipo,num_pro,ano,id_votacao,resumo,data,hora,objetivo,sessao,partido,orientacao_partido,nome_votacao
PEC,395,2014,1,Aprovada. em primeiro turno. a Proposta de Emenda à Constituição nº 395 de 2014 na forma do Substitutivo adotado pela Comissão Especial. ressalvados os destaques. Sim: 318; não: 129; abstenções:4 ; total: 451.,21/10/2015,21:23,SUBSTITUTIVO DA COMISSÃO ESPECIAL - PRIMEIRO TURNO,5704,PpPtbPscPhs,sim,Cobrança de cursos em universidades públicas
PEC,395,2014,1,Aprovada. em primeiro turno. a Proposta de Emenda à Constituição nº 395 de 2014 na forma do Substitutivo adotado pela Comissão Especial. ressalvados os destaques. Sim: 318; não: 129; abstenções:4 ; total: 451.,21/10/2015,21:23,SUBSTITUTIVO DA COMISSÃO ESPECIAL - PRIMEIRO TURNO,5704,PmdbPen,sim,Cobrança de cursos em universidades públicas
PEC,395,2014,1,Aprovada. em primeiro turno. a Proposta de Emenda à Constituição nº 395 de 2014 na forma do Substitutivo adotado pela Comissão Especial. ressalvados os destaques. Sim: 318; não: 129; abstenções:4 ; total: 451.,21/10/2015,21:23,SUBSTITUTIVO DA COMISSÃO ESPECIAL - PRIMEIRO TURNO,5704,PT,liberado,Cobrança de cursos em universidades públicas
PEC,395,2014,1,Aprovada. em primeiro turno. a Proposta de Emenda à Constituição nº 395 de 2014 na forma do Substitutivo adotado pela Comissão Especial. ressalvados os destaques. Sim: 318; não: 129; abstenções:4 ; total: 451.,21/10/2015,21:23,SUBSTITUTIVO DA COMISSÃO ESPECIAL - PRIMEIRO TURNO,5704,PSDB,sim,Cobrança de cursos em universidades públicas
PEC,395,2014,1,Aprovada. em primeiro turno. a Proposta de Emenda à Constituição nº 395 de 2014 na forma do Substitutivo adotado pela Comissão Especial. ressalvados os destaques. Sim: 318; não: 129; abstenções:4 ; total: 451.,21/10/2015,21:23,SUBSTITUTIVO DA COMISSÃO ESPECIAL - PRIMEIRO TURNO,5704,PrbPtnPmnPrpPsdcPtcPslPtdoB,sim,Cobrança de cursos em universidades públicas
PEC,395,2014,1,Aprovada. em primeiro turno. a Proposta de Emenda à Constituição nº 395 de 2014 na forma do Substitutivo adotado pela Comissão Especial. ressalvados os destaques. Sim: 318; não: 129; abstenções:4 ; total: 451.,21/10/2015,21:23,SUBSTITUTIVO DA COMISSÃO ESPECIAL - PRIMEIRO TURNO,5704,PR,liberado,Cobrança de cursos em universidades públicas
PEC,395,2014,1,Aprovada. em primeiro turno. a Proposta de Emenda à Constituição nº 395 de 2014 na forma do Substitutivo adotado pela Comissão Especial. ressalvados os destaques. Sim: 318; não: 129; abstenções:4 ; total: 451.,21/10/2015,21:23,SUBSTITUTIVO DA COMISSÃO ESPECIAL - PRIMEIRO TURNO,5704,PSD,sim,Cobrança de cursos em universidades públicas
PEC,395,2014,1,Aprovada. em primeiro turno. a Proposta de Emenda à Constituição nº 395 de 2014 na forma do Substitutivo adotado pela Comissão Especial. ressalvados os destaques. Sim: 318; não: 129; abstenções:4 ; total: 451.,21/10/2015,21:23,SUBSTITUTIVO DA COMISSÃO ESPECIAL - PRIMEIRO TURNO,5704,PSB,liberado,Cobrança de cursos em universidades públicas
PEC,395,2014,1,Aprovada. em primeiro turno. a Proposta de Emenda à Constituição nº 395 de 2014 na forma do Substitutivo adotado pela Comissão Especial. ressalvados os destaques. Sim: 318; não: 129; abstenções:4 ; total: 451.,21/10/2015,21:23,SUBSTITUTIVO DA COMISSÃO ESPECIAL - PRIMEIRO TURNO,5704,DEM,sim,Cobrança de cursos em universidades públicas
PEC,395,2014,1,Aprovada. em primeiro turno. a Proposta de Emenda à Constituição nº 395 de 2014 na forma do Substitutivo adotado pela Comissão Especial. ressalvados os destaques. Sim: 318; não: 129; abstenções:4 ; total: 451.,21/10/2015,21:23,SUBSTITUTIVO DA COMISSÃO ESPECIAL - PRIMEIRO TURNO,5704,PDT,sim,Cobrança de cursos em universidades públicas
PEC,395,2014,1,Aprovada. em primeiro turno. a Proposta de Emenda à Constituição nº 395 de 2014 na forma do Substitutivo adotado pela Comissão Especial. ressalvados os destaques. Sim: 318; não: 129; abstenções:4 ; total: 451.,21/10/2015,21:23,SUBSTITUTIVO DA COMISSÃO ESPECIAL - PRIMEIRO TURNO,5704,Solidaried,sim,Cobrança de cursos em universidades públicas
PEC,395,2014,1,Aprovada. em primeiro turno. a Proposta de Emenda à Constituição nº 395 de 2014 na forma do Substitutivo adotado pela Comissão Especial. ressalvados os destaques. Sim: 318; não: 129; abstenções:4 ; total: 451.,21/10/2015,21:23,SUBSTITUTIVO DA COMISSÃO ESPECIAL - PRIMEIRO TURNO,5704,PROS,sim,Cobrança de cursos em universidades públicas
PEC,395,2014,1,Aprovada. em primeiro turno. a Proposta de Emenda à Constituição nº 395 de 2014 na forma do Substitutivo adotado pela Comissão Especial. ressalvados os destaques. Sim: 318; não: 129; abstenções:4 ; total: 451.,21/10/2015,21:23,SUBSTITUTIVO DA COMISSÃO ESPECIAL - PRIMEIRO TURNO,5704,PCdoB,não,Cobrança de cursos em universidades públicas
PEC,395,2014,1,Aprovada. em primeiro turno. a Proposta de Emenda à Constituição nº 395 de 2014 na forma do Substitutivo adotado pela Comissão Especial. ressalvados os destaques. Sim: 318; não: 129; abstenções:4 ; total: 451.,21/10/2015,21:23,SUBSTITUTIVO DA COMISSÃO ESPECIAL - PRIMEIRO TURNO,5704,PPS,sim,Cobrança de cursos em universidades públicas
PEC,395,2014,1,Aprovada. em primeiro turno. a Proposta de Emenda à Constituição nº 395 de 2014 na forma do Substitutivo adotado pela Comissão Especial. ressalvados os destaques. Sim: 318; não: 129; abstenções:4 ; total: 451.,21/10/2015,21:23,SUBSTITUTIVO DA COMISSÃO ESPECIAL - PRIMEIRO TURNO,5704,PV,sim,Cobrança de cursos em universidades públicas
PEC,395,2014,1,Aprovada. em primeiro turno. a Proposta de Emenda à Constituição nº 395 de 2014 na forma do Substitutivo adotado pela Comissão Especial. ressalvados os destaques. Sim: 318; não: 129; abstenções:4 ; total: 451.,21/10/2015,21:23,SUBSTITUTIVO DA COMISSÃO ESPECIAL - PRIMEIRO TURNO,5704,PSOL,não,Cobrança de cursos em universidades públicas
PEC,395,2014,1,Aprovada. em primeiro turno. a Proposta de Emenda à Constituição nº 395 de 2014 na forma do Substitutivo adotado pela Comissão Especial. ressalvados os destaques. Sim: 318; não: 129; abstenções:4 ; total: 451.,21/10/2015,21:23,SUBSTITUTIVO DA COMISSÃO ESPECIAL - PRIMEIRO TURNO,5704,REDE,não,Cobrança de cursos em universidades públicas
PEC,395,2014,1,Aprovada. em primeiro turno. a Proposta de Emenda à Constituição nº 395 de 2014 na forma do Substitutivo adotado pela Comissão Especial. ressalvados os destaques. Sim: 318; não: 129; abstenções:4 ; total: 451.,21/10/2015,21:23,SUBSTITUTIVO DA COMISSÃO ESPECIAL - PRIMEIRO TURNO,5704,Minoria,sim,Cobrança de cursos em universidades públicas
PEC,395,2014,1,Aprovada. em primeiro turno. a Proposta de Emenda à Constituição nº 395 de 2014 na forma do Substitutivo adotado pela Comissão Especial. ressalvados os destaques. Sim: 318; não: 129; abstenções:4 ; total: 451.,21/10/2015,21:23,SUBSTITUTIVO DA COMISSÃO ESPECIAL - PRIMEIRO TURNO,5704,GOV.,liberado,Cobrança de cursos em universidades públicas
PL,4148,2008,2,Aprovada a Subemenda Substitutiva Global oferecida pelo Relator da Comissão de Desenvolvimento Econômico. Indústria e Comércio ao Projeto de Lei nº 4.148 de 2008. ressalvados os destaques. Sim: 320; não: 135; abstenção: 2; total: 457.,28/4/2015,20:41,SUBEMENDA SUBSTITUTIVA DA CDEIC,5513,PmdbPpPtbPscPhsPen,sim,Transgênico
PL,4148,2008,2,Aprovada a Subemenda Substitutiva Global oferecida pelo Relator da Comissão de Desenvolvimento Econômico. Indústria e Comércio ao Projeto de Lei nº 4.148 de 2008. ressalvados os destaques. Sim: 320; não: 135; abstenção: 2; total: 457.,28/4/2015,20:41,SUBEMENDA SUBSTITUTIVA DA CDEIC,5513,PT,não,Transgênico
PL,4148,2008,2,Aprovada a Subemenda Substitutiva Global oferecida pelo Relator da Comissão de Desenvolvimento Econômico. Indústria e Comércio ao Projeto de Lei nº 4.148 de 2008. ressalvados os destaques. Sim: 320; não: 135; abstenção: 2; total: 457.,28/4/2015,20:41,SUBEMENDA SUBSTITUTIVA DA CDEIC,5513,PSDB,sim,Transgênico
PL,4148,2008,2,Aprovada a Subemenda Substitutiva Global oferecida pelo Relator da Comissão de Desenvolvimento Econômico. Indústria e Comércio ao Projeto de Lei nº 4.148 de 2008. ressalvados os destaques. Sim: 320; não: 135; abstenção: 2; total: 457.,28/4/2015,20:41,SUBEMENDA SUBSTITUTIVA DA CDEIC,5513,PrbPtnPmnPrpPsdcPrtbPtcPslPtdoB,sim,Transgênico
PL,4148,2008,2,Aprovada a Subemenda Substitutiva Global oferecida pelo Relator da Comissão de Desenvolvimento Econômico. Indústria e Comércio ao Projeto de Lei nº 4.148 de 2008. ressalvados os destaques. Sim: 320; não: 135; abstenção: 2; total: 457.,28/4/2015,20:41,SUBEMENDA SUBSTITUTIVA DA CDEIC,5513,PSD,sim,Transgênico
PL,4148,2008,2,Aprovada a Subemenda Substitutiva Global oferecida pelo Relator da Comissão de Desenvolvimento Econômico. Indústria e Comércio ao Projeto de Lei nº 4.148 de 2008. ressalvados os destaques. Sim: 320; não: 135; abstenção: 2; total: 457.,28/4/2015,20:41,SUBEMENDA SUBSTITUTIVA DA CDEIC,5513,PR,sim,Transgênico
PL,4148,2008,2,Aprovada a Subemenda Substitutiva Global oferecida pelo Relator da Comissão de Desenvolvimento Econômico. Indústria e Comércio ao Projeto de Lei nº 4.148 de 2008. ressalvados os destaques. Sim: 320; não: 135; abstenção: 2; total: 457.,28/4/2015,20:41,SUBEMENDA SUBSTITUTIVA DA CDEIC,5513,PSB,não,Transgênico
PL,4148,2008,2,Aprovada a Subemenda Substitutiva Global oferecida pelo Relator da Comissão de Desenvolvimento Econômico. Indústria e Comércio ao Projeto de Lei nº 4.148 de 2008. ressalvados os destaques. Sim: 320; não: 135; abstenção: 2; total: 457.,28/4/2015,20:41,SUBEMENDA SUBSTITUTIVA DA CDEIC,5513,DEM,sim,Transgênico
PL,4148,2008,2,Aprovada a Subemenda Substitutiva Global oferecida pelo Relator da Comissão de Desenvolvimento Econômico. Indústria e Comércio ao Projeto de Lei nº 4.148 de 2008. ressalvados os destaques. Sim: 320; não: 135; abstenção: 2; total: 457.,28/4/2015,20:41,SUBEMENDA SUBSTITUTIVA DA CDEIC,5513,PDT,liberado,Transgênico
PL,4148,2008,2,Aprovada a Subemenda Substitutiva Global oferecida pelo Relator da Comissão de Desenvolvimento Econômico. Indústria e Comércio ao Projeto de Lei nº 4.148 de 2008. ressalvados os destaques. Sim: 320; não: 135; abstenção: 2; total: 457.,28/4/2015,20:41,SUBEMENDA SUBSTITUTIVA DA CDEIC,5513,Solidaried,sim,Transgênico
PL,4148,2008,2,Aprovada a Subemenda Substitutiva Global oferecida pelo Relator da Comissão de Desenvolvimento Econômico. Indústria e Comércio ao Projeto de Lei nº 4.148 de 2008. ressalvados os destaques. Sim: 320; não: 135; abstenção: 2; total: 457.,28/4/2015,20:41,SUBEMENDA SUBSTITUTIVA DA CDEIC,5513,PCdoB,não,Transgênico
PL,4148,2008,2,Aprovada a Subemenda Substitutiva Global oferecida pelo Relator da Comissão de Desenvolvimento Econômico. Indústria e Comércio ao Projeto de Lei nº 4.148 de 2008. ressalvados os destaques. Sim: 320; não: 135; abstenção: 2; total: 457.,28/4/2015,20:41,SUBEMENDA SUBSTITUTIVA DA CDEIC,5513,PROS,sim,Transgênico
PL,4148,2008,2,Aprovada a Subemenda Substitutiva Global oferecida pelo Relator da Comissão de Desenvolvimento Econômico. Indústria e Comércio ao Projeto de Lei nº 4.148 de 2008. ressalvados os destaques. Sim: 320; não: 135; abstenção: 2; total: 457.,28/4/2015,20:41,SUBEMENDA SUBSTITUTIVA DA CDEIC,5513,PPS,sim,Transgênico
PL,4148,2008,2,Aprovada a Subemenda Substitutiva Global oferecida pelo Relator da Comissão de Desenvolvimento Econômico. Indústria e Comércio ao Projeto de Lei nº 4.148 de 2008. ressalvados os destaques. Sim: 320; não: 135; abstenção: 2; total: 457.,28/4/2015,20:41,SUBEMENDA SUBSTITUTIVA DA CDEIC,5513,PV,não,Transgênico
PL,4148,2008,2,Aprovada a Subemenda Substitutiva Global oferecida pelo Relator da Comissão de Desenvolvimento Econômico. Indústria e Comércio ao Projeto de Lei nº 4.148 de 2008. ressalvados os destaques. Sim: 320; não: 135; abstenção: 2; total: 457.,28/4/2015,20:41,SUBEMENDA SUBSTITUTIVA DA CDEIC,5513,PSOL,não,Transgênico
PL,4148,2008,2,Aprovada a Subemenda Substitutiva Global oferecida pelo Relator da Comissão de Desenvolvimento Econômico. Indústria e Comércio ao Projeto de Lei nº 4.148 de 2008. ressalvados os destaques. Sim: 320; não: 135; abstenção: 2; total: 457.,28/4/2015,20:41,SUBEMENDA SUBSTITUTIVA DA CDEIC,5513,Minoria,sim,Transgênico
PL,4148,2008,2,Aprovada a Subemenda Substitutiva Global oferecida pelo Relator da Comissão de Desenvolvimento Econômico. Indústria e Comércio ao Projeto de Lei nº 4.148 de 2008. ressalvados os destaques. Sim: 320; não: 135; abstenção: 2; total: 457.,28/4/2015,20:41,SUBEMENDA SUBSTITUTIVA DA CDEIC,5513,GOV.,sim,Transgênico
PL,4302,1998,4,Aprovados os dispositivos do Substitutivo do Senado Federal ao Projeto de Lei nº 4.302 de 1998. com parecer pela aprovação. ressalvados os destaques. Sim: 231; não:188; abstenção: 8; total: 427.,22/3/2017,20:24,SUBSTITUTIVO DO SENADO FEDERAL,6148,PpPtnPhs...,sim,Terceirização total 2017
PL,4302,1998,4,Aprovados os dispositivos do Substitutivo do Senado Federal ao Projeto de Lei nº 4.302 de 1998. com parecer pela aprovação. ressalvados os destaques. Sim: 231; não:188; abstenção: 8; total: 427.,22/3/2017,20:24,SUBSTITUTIVO DO SENADO FEDERAL,6148,PMDB,sim,Terceirização total 2017
PL,4302,1998,4,Aprovados os dispositivos do Substitutivo do Senado Federal ao Projeto de Lei nº 4.302 de 1998. com parecer pela aprovação. ressalvados os destaques. Sim: 231; não:188; abstenção: 8; total: 427.,22/3/2017,20:24,SUBSTITUTIVO DO SENADO FEDERAL,6148,PT,não,Terceirização total 2017
PL,4302,1998,4,Aprovados os dispositivos do Substitutivo do Senado Federal ao Projeto de Lei nº 4.302 de 1998. com parecer pela aprovação. ressalvados os destaques. Sim: 231; não:188; abstenção: 8; total: 427.,22/3/2017,20:24,SUBSTITUTIVO DO SENADO FEDERAL,6148,PSDB,sim,Terceirização total 2017
PL,4302,1998,4,Aprovados os dispositivos do Substitutivo do Senado Federal ao Projeto de Lei nº 4.302 de 1998. com parecer pela aprovação. ressalvados os destaques. Sim: 231; não:188; abstenção: 8; total: 427.,22/3/2017,20:24,SUBSTITUTIVO DO SENADO FEDERAL,6148,PR,sim,Terceirização total 2017
PL,4302,1998,4,Aprovados os dispositivos do Substitutivo do Senado Federal ao Projeto de Lei nº 4.302 de 1998. com parecer pela aprovação. ressalvados os destaques. Sim: 231; não:188; abstenção: 8; total: 427.,22/3/2017,20:24,SUBSTITUTIVO DO SENADO FEDERAL,6148,PSD,sim,Terceirização total 2017
PL,4302,1998,4,Aprovados os dispositivos do Substitutivo do Senado Federal ao Projeto de Lei nº 4.302 de 1998. com parecer pela aprovação. ressalvados os destaques. Sim: 231; não:188; abstenção: 8; total: 427.,22/3/2017,20:24,SUBSTITUTIVO DO SENADO FEDERAL,6148,PSB,sim,Terceirização total 2017
PL,4302,1998,4,Aprovados os dispositivos do Substitutivo do Senado Federal ao Projeto de Lei nº 4.302 de 1998. com parecer pela aprovação. ressalvados os destaques. Sim: 231; não:188; abstenção: 8; total: 427.,22/3/2017,20:24,SUBSTITUTIVO DO SENADO FEDERAL,6148,DEM,sim,Terceirização total 2017
PL,4302,1998,4,Aprovados os dispositivos do Substitutivo do Senado Federal ao Projeto de Lei nº 4.302 de 1998. com parecer pela aprovação. ressalvados os destaques. Sim: 231; não:188; abstenção: 8; total: 427.,22/3/2017,20:24,SUBSTITUTIVO DO SENADO FEDERAL,6148,PtbProsPsl,sim,Terceirização total 2017
PL,4302,1998,4,Aprovados os dispositivos do Substitutivo do Senado Federal ao Projeto de Lei nº 4.302 de 1998. com parecer pela aprovação. ressalvados os destaques. Sim: 231; não:188; abstenção: 8; total: 427.,22/3/2017,20:24,SUBSTITUTIVO DO SENADO FEDERAL,6148,PRB,sim,Terceirização total 2017
PL,4302,1998,4,Aprovados os dispositivos do Substitutivo do Senado Federal ao Projeto de Lei nº 4.302 de 1998. com parecer pela aprovação. ressalvados os destaques. Sim: 231; não:188; abstenção: 8; total: 427.,22/3/2017,20:24,SUBSTITUTIVO DO SENADO FEDERAL,6148,PDT,não,Terceirização total 2017
PL,4302,1998,4,Aprovados os dispositivos do Substitutivo do Senado Federal ao Projeto de Lei nº 4.302 de 1998. com parecer pela aprovação. ressalvados os destaques. Sim: 231; não:188; abstenção: 8; total: 427.,22/3/2017,20:24,SUBSTITUTIVO DO SENADO FEDERAL,6148,Solidaried,liberado,Terceirização total 2017
PL,4302,1998,4,Aprovados os dispositivos do Substitutivo do Senado Federal ao Projeto de Lei nº 4.302 de 1998. com parecer pela aprovação. ressalvados os destaques. Sim: 231; não:188; abstenção: 8; total: 427.,22/3/2017,20:24,SUBSTITUTIVO DO SENADO FEDERAL,6148,PCdoB,não,Terceirização total 2017
PL,4302,1998,4,Aprovados os dispositivos do Substitutivo do Senado Federal ao Projeto de Lei nº 4.302 de 1998. com parecer pela aprovação. ressalvados os destaques. Sim: 231; não:188; abstenção: 8; total: 427.,22/3/2017,20:24,SUBSTITUTIVO DO SENADO FEDERAL,6148,PSC,sim,Terceirização total 2017
PL,4302,1998,4,Aprovados os dispositivos do Substitutivo do Senado Federal ao Projeto de Lei nº 4.302 de 1998. com parecer pela aprovação. ressalvados os destaques. Sim: 231; não:188; abstenção: 8; total: 427.,22/3/2017,20:24,SUBSTITUTIVO DO SENADO FEDERAL,6148,PPS,liberado,Terceirização total 2017
PL,4302,1998,4,Aprovados os dispositivos do Substitutivo do Senado Federal ao Projeto de Lei nº 4.302 de 1998. com parecer pela aprovação. ressalvados os destaques. Sim: 231; não:188; abstenção: 8; total: 427.,22/3/2017,20:24,SUBSTITUTIVO DO SENADO FEDERAL,6148,PSOL,não,Terceirização total 2017
PL,4302,1998,4,Aprovados os dispositivos do Substitutivo do Senado Federal ao Projeto de Lei nº 4.302 de 1998. com parecer pela aprovação. ressalvados os destaques. Sim: 231; não:188; abstenção: 8; total: 427.,22/3/2017,20:24,SUBSTITUTIVO DO SENADO FEDERAL,6148,PV,sim,Terceirização total 2017
PL,4302,1998,4,Aprovados os dispositivos do Substitutivo do Senado Federal ao Projeto de Lei nº 4.302 de 1998. com parecer pela aprovação. ressalvados os destaques. Sim: 231; não:188; abstenção: 8; total: 427.,22/3/2017,20:24,SUBSTITUTIVO DO SENADO FEDERAL,6148,Repr.REDE,não,Terceirização total 2017
PL,4302,1998,4,Aprovados os dispositivos do Substitutivo do Senado Federal ao Projeto de Lei nº 4.302 de 1998. com parecer pela aprovação. ressalvados os destaques. Sim: 231; não:188; abstenção: 8; total: 427.,22/3/2017,20:24,SUBSTITUTIVO DO SENADO FEDERAL,6148,Repr.PEN,sim,Terceirização total 2017
PL,4302,1998,4,Aprovados os dispositivos do Substitutivo do Senado Federal ao Projeto de Lei nº 4.302 de 1998. com parecer pela aprovação. ressalvados os destaques. Sim: 231; não:188; abstenção: 8; total: 427.,22/3/2017,20:24,SUBSTITUTIVO DO SENADO FEDERAL,6148,Repr.PMB,não,Terceirização total 2017
PL,4302,1998,4,Aprovados os dispositivos do Substitutivo do Senado Federal ao Projeto de Lei nº 4.302 de 1998. com parecer pela aprovação. ressalvados os destaques. Sim: 231; não:188; abstenção: 8; total: 427.,22/3/2017,20:24,SUBSTITUTIVO DO SENADO FEDERAL,6148,Minoria,não,Terceirização total 2017
PL,4302,1998,4,Aprovados os dispositivos do Substitutivo do Senado Federal ao Projeto de Lei nº 4.302 de 1998. com parecer pela aprovação. ressalvados os destaques. Sim: 231; não:188; abstenção: 8; total: 427.,22/3/2017,20:24,SUBSTITUTIVO DO SENADO FEDERAL,6148,GOV.,sim,Terceirização total 2017
PL,1057,2007,1,Aprovada a Subemenda Substitutiva Global de Plenário apresentada ao Projeto de Lei nº 1.057 de 2007. ressalvados os destaques. Sim: 361; não: 84; abstenção: 9; total: 454.,26/8/2015,19:14,SUBEMENDA SUBSTITUTIVA GLOBAL,5639,PmdbPpPtbPscPhsPen,sim,Infaticídio indígena
PL,1057,2007,1,Aprovada a Subemenda Substitutiva Global de Plenário apresentada ao Projeto de Lei nº 1.057 de 2007. ressalvados os destaques. Sim: 361; não: 84; abstenção: 9; total: 454.,26/8/2015,19:14,SUBEMENDA SUBSTITUTIVA GLOBAL,5639,PT,não,Infaticídio indígena
PL,1057,2007,1,Aprovada a Subemenda Substitutiva Global de Plenário apresentada ao Projeto de Lei nº 1.057 de 2007. ressalvados os destaques. Sim: 361; não: 84; abstenção: 9; total: 454.,26/8/2015,19:14,SUBEMENDA SUBSTITUTIVA GLOBAL,5639,PSDB,sim,Infaticídio indígena
PL,1057,2007,1,Aprovada a Subemenda Substitutiva Global de Plenário apresentada ao Projeto de Lei nº 1.057 de 2007. ressalvados os destaques. Sim: 361; não: 84; abstenção: 9; total: 454.,26/8/2015,19:14,SUBEMENDA SUBSTITUTIVA GLOBAL,5639,PrbPtnPmnPrpPsdcPrtbPtcPslPtdoB,sim,Infaticídio indígena
PL,1057,2007,1,Aprovada a Subemenda Substitutiva Global de Plenário apresentada ao Projeto de Lei nº 1.057 de 2007. ressalvados os destaques. Sim: 361; não: 84; abstenção: 9; total: 454.,26/8/2015,19:14,SUBEMENDA SUBSTITUTIVA GLOBAL,5639,PR,sim,Infaticídio indígena
PL,1057,2007,1,Aprovada a Subemenda Substitutiva Global de Plenário apresentada ao Projeto de Lei nº 1.057 de 2007. ressalvados os destaques. Sim: 361; não: 84; abstenção: 9; total: 454.,26/8/2015,19:14,SUBEMENDA SUBSTITUTIVA GLOBAL,5639,PSD,sim,Infaticídio indígena
PL,1057,2007,1,Aprovada a Subemenda Substitutiva Global de Plenário apresentada ao Projeto de Lei nº 1.057 de 2007. ressalvados os destaques. Sim: 361; não: 84; abstenção: 9; total: 454.,26/8/2015,19:14,SUBEMENDA SUBSTITUTIVA GLOBAL,5639,PSB,sim,Infaticídio indígena
PL,1057,2007,1,Aprovada a Subemenda Substitutiva Global de Plenário apresentada ao Projeto de Lei nº 1.057 de 2007. ressalvados os destaques. Sim: 361; não: 84; abstenção: 9; total: 454.,26/8/2015,19:14,SUBEMENDA SUBSTITUTIVA GLOBAL,5639,DEM,sim,Infaticídio indígena
PL,1057,2007,1,Aprovada a Subemenda Substitutiva Global de Plenário apresentada ao Projeto de Lei nº 1.057 de 2007. ressalvados os destaques. Sim: 361; não: 84; abstenção: 9; total: 454.,26/8/2015,19:14,SUBEMENDA SUBSTITUTIVA GLOBAL,5639,PDT,sim,Infaticídio indígena
PL,1057,2007,1,Aprovada a Subemenda Substitutiva Global de Plenário apresentada ao Projeto de Lei nº 1.057 de 2007. ressalvados os destaques. Sim: 361; não: 84; abstenção: 9; total: 454.,26/8/2015,19:14,SUBEMENDA SUBSTITUTIVA GLOBAL,5639,Solidaried,sim,Infaticídio indígena
PL,1057,2007,1,Aprovada a Subemenda Substitutiva Global de Plenário apresentada ao Projeto de Lei nº 1.057 de 2007. ressalvados os destaques. Sim: 361; não: 84; abstenção: 9; total: 454.,26/8/2015,19:14,SUBEMENDA SUBSTITUTIVA GLOBAL,5639,PCdoB,não,Infaticídio indígena
PL,1057,2007,1,Aprovada a Subemenda Substitutiva Global de Plenário apresentada ao Projeto de Lei nº 1.057 de 2007. ressalvados os destaques. Sim: 361; não: 84; abstenção: 9; total: 454.,26/8/2015,19:14,SUBEMENDA SUBSTITUTIVA GLOBAL,5639,PROS,sim,Infaticídio indígena
PL,1057,2007,1,Aprovada a Subemenda Substitutiva Global de Plenário apresentada ao Projeto de Lei nº 1.057 de 2007. ressalvados os destaques. Sim: 361; não: 84; abstenção: 9; total: 454.,26/8/2015,19:14,SUBEMENDA SUBSTITUTIVA GLOBAL,5639,PPS,sim,Infaticídio indígena
PL,1057,2007,1,Aprovada a Subemenda Substitutiva Global de Plenário apresentada ao Projeto de Lei nº 1.057 de 2007. ressalvados os destaques. Sim: 361; não: 84; abstenção: 9; total: 454.,26/8/2015,19:14,SUBEMENDA SUBSTITUTIVA GLOBAL,5639,PV,não,Infaticídio indígena
PL,1057,2007,1,Aprovada a Subemenda Substitutiva Global de Plenário apresentada ao Projeto de Lei nº 1.057 de 2007. ressalvados os destaques. Sim: 361; não: 84; abstenção: 9; total: 454.,26/8/2015,19:14,SUBEMENDA SUBSTITUTIVA GLOBAL,5639,Repr.PSOL,não,Infaticídio indígena
PL,1057,2007,1,Aprovada a Subemenda Substitutiva Global de Plenário apresentada ao Projeto de Lei nº 1.057 de 2007. ressalvados os destaques. Sim: 361; não: 84; abstenção: 9; total: 454.,26/8/2015,19:14,SUBEMENDA SUBSTITUTIVA GLOBAL,5639,Minoria,sim,Infaticídio indígena
PL,1057,2007,1,Aprovada a Subemenda Substitutiva Global de Plenário apresentada ao Projeto de Lei nº 1.057 de 2007. ressalvados os destaques. Sim: 361; não: 84; abstenção: 9; total: 454.,26/8/2015,19:14,SUBEMENDA SUBSTITUTIVA GLOBAL,5639,GOV.,não,Infaticídio indígena
PL,4330,2004,2,Aprovada a Subemenda Substitutiva Global oferecida pelo Relator da Comissão de Constituição e Justiça e de Cidadania às Emendas de Plenário e ao Projeto de Lei nº 4.330 de 2004. ressalvados os destaques. Sim: 324; não: 137; abstenção: 2; total: 463.,8/4/2015,20:49,SUBEMENDA SUBSTITUTIVA,5494,PmdbPpPtbPscPhsPen,sim,Terceirização
PL,4330,2004,2,Aprovada a Subemenda Substitutiva Global oferecida pelo Relator da Comissão de Constituição e Justiça e de Cidadania às Emendas de Plenário e ao Projeto de Lei nº 4.330 de 2004. ressalvados os destaques. Sim: 324; não: 137; abstenção: 2; total: 463.,8/4/2015,20:49,SUBEMENDA SUBSTITUTIVA,5494,PT,não,Terceirização
PL,4330,2004,2,Aprovada a Subemenda Substitutiva Global oferecida pelo Relator da Comissão de Constituição e Justiça e de Cidadania às Emendas de Plenário e ao Projeto de Lei nº 4.330 de 2004. ressalvados os destaques. Sim: 324; não: 137; abstenção: 2; total: 463.,8/4/2015,20:49,SUBEMENDA SUBSTITUTIVA,5494,PSDB,sim,Terceirização
PL,4330,2004,2,Aprovada a Subemenda Substitutiva Global oferecida pelo Relator da Comissão de Constituição e Justiça e de Cidadania às Emendas de Plenário e ao Projeto de Lei nº 4.330 de 2004. ressalvados os destaques. Sim: 324; não: 137; abstenção: 2; total: 463.,8/4/2015,20:49,SUBEMENDA SUBSTITUTIVA,5494,PrbPtnPmnPrpPsdcPrtbPtcPslPtdoB,liberado,Terceirização
PL,4330,2004,2,Aprovada a Subemenda Substitutiva Global oferecida pelo Relator da Comissão de Constituição e Justiça e de Cidadania às Emendas de Plenário e ao Projeto de Lei nº 4.330 de 2004. ressalvados os destaques. Sim: 324; não: 137; abstenção: 2; total: 463.,8/4/2015,20:49,SUBEMENDA SUBSTITUTIVA,5494,PSD,sim,Terceirização
PL,4330,2004,2,Aprovada a Subemenda Substitutiva Global oferecida pelo Relator da Comissão de Constituição e Justiça e de Cidadania às Emendas de Plenário e ao Projeto de Lei nº 4.330 de 2004. ressalvados os destaques. Sim: 324; não: 137; abstenção: 2; total: 463.,8/4/2015,20:49,SUBEMENDA SUBSTITUTIVA,5494,PR,sim,Terceirização
PL,4330,2004,2,Aprovada a Subemenda Substitutiva Global oferecida pelo Relator da Comissão de Constituição e Justiça e de Cidadania às Emendas de Plenário e ao Projeto de Lei nº 4.330 de 2004. ressalvados os destaques. Sim: 324; não: 137; abstenção: 2; total: 463.,8/4/2015,20:49,SUBEMENDA SUBSTITUTIVA,5494,PSB,sim,Terceirização
PL,4330,2004,2,Aprovada a Subemenda Substitutiva Global oferecida pelo Relator da Comissão de Constituição e Justiça e de Cidadania às Emendas de Plenário e ao Projeto de Lei nº 4.330 de 2004. ressalvados os destaques. Sim: 324; não: 137; abstenção: 2; total: 463.,8/4/2015,20:49,SUBEMENDA SUBSTITUTIVA,5494,DEM,sim,Terceirização
PL,4330,2004,2,Aprovada a Subemenda Substitutiva Global oferecida pelo Relator da Comissão de Constituição e Justiça e de Cidadania às Emendas de Plenário e ao Projeto de Lei nº 4.330 de 2004. ressalvados os destaques. Sim: 324; não: 137; abstenção: 2; total: 463.,8/4/2015,20:49,SUBEMENDA SUBSTITUTIVA,5494,PDT,sim,Terceirização
PL,4330,2004,2,Aprovada a Subemenda Substitutiva Global oferecida pelo Relator da Comissão de Constituição e Justiça e de Cidadania às Emendas de Plenário e ao Projeto de Lei nº 4.330 de 2004. ressalvados os destaques. Sim: 324; não: 137; abstenção: 2; total: 463.,8/4/2015,20:49,SUBEMENDA SUBSTITUTIVA,5494,Solidaried,sim,Terceirização
PL,4330,2004,2,Aprovada a Subemenda Substitutiva Global oferecida pelo Relator da Comissão de Constituição e Justiça e de Cidadania às Emendas de Plenário e ao Projeto de Lei nº 4.330 de 2004. ressalvados os destaques. Sim: 324; não: 137; abstenção: 2; total: 463.,8/4/2015,20:49,SUBEMENDA SUBSTITUTIVA,5494,PCdoB,não,Terceirização
PL,4330,2004,2,Aprovada a Subemenda Substitutiva Global oferecida pelo Relator da Comissão de Constituição e Justiça e de Cidadania às Emendas de Plenário e ao Projeto de Lei nº 4.330 de 2004. ressalvados os destaques. Sim: 324; não: 137; abstenção: 2; total: 463.,8/4/2015,20:49,SUBEMENDA SUBSTITUTIVA,5494,PROS,liberado,Terceirização
PL,4330,2004,2,Aprovada a Subemenda Substitutiva Global oferecida pelo Relator da Comissão de Constituição e Justiça e de Cidadania às Emendas de Plenário e ao Projeto de Lei nº 4.330 de 2004. ressalvados os destaques. Sim: 324; não: 137; abstenção: 2; total: 463.,8/4/2015,20:49,SUBEMENDA SUBSTITUTIVA,5494,PPS,sim,Terceirização
PL,4330,2004,2,Aprovada a Subemenda Substitutiva Global oferecida pelo Relator da Comissão de Constituição e Justiça e de Cidadania às Emendas de Plenário e ao Projeto de Lei nº 4.330 de 2004. ressalvados os destaques. Sim: 324; não: 137; abstenção: 2; total: 463.,8/4/2015,20:49,SUBEMENDA SUBSTITUTIVA,5494,PV,sim,Terceirização
PL,4330,2004,2,Aprovada a Subemenda Substitutiva Global oferecida pelo Relator da Comissão de Constituição e Justiça e de Cidadania às Emendas de Plenário e ao Projeto de Lei nº 4.330 de 2004. ressalvados os destaques. Sim: 324; não: 137; abstenção: 2; total: 463.,8/4/2015,20:49,SUBEMENDA SUBSTITUTIVA,5494,PSOL,não,Terceirização
PL,4330,2004,2,Aprovada a Subemenda Substitutiva Global oferecida pelo Relator da Comissão de Constituição e Justiça e de Cidadania às Emendas de Plenário e ao Projeto de Lei nº 4.330 de 2004. ressalvados os destaques. Sim: 324; não: 137; abstenção: 2; total: 463.,8/4/2015,20:49,SUBEMENDA SUBSTITUTIVA,5494,Minoria,sim,Terceirização
PL,4330,2004,2,Aprovada a Subemenda Substitutiva Global oferecida pelo Relator da Comissão de Constituição e Justiça e de Cidadania às Emendas de Plenário e ao Projeto de Lei nº 4.330 de 2004. ressalvados os destaques. Sim: 324; não: 137; abstenção: 2; total: 463.,8/4/2015,20:49,SUBEMENDA SUBSTITUTIVA,5494,GOV.,não,Terceirização
PEC,171,1993,1,Rejeitado o Substitutivo adotado pela Comissão Especial à Proposta de Emenda à Constituição nº 171 de 1993. Sim: 303; não: 184; abstenções: 3; total: 490.,30/6/2015,00:16,SUBSTITUTIVO DA COMISSÃO ESPECIAL,5587,PmdbPpPtbPscPhsPen,sim,Maioridade 1
PEC,171,1993,1,Rejeitado o Substitutivo adotado pela Comissão Especial à Proposta de Emenda à Constituição nº 171 de 1993. Sim: 303; não: 184; abstenções: 3; total: 490.,30/6/2015,00:16,SUBSTITUTIVO DA COMISSÃO ESPECIAL,5587,PT,não,Maioridade 1
PEC,171,1993,1,Rejeitado o Substitutivo adotado pela Comissão Especial à Proposta de Emenda à Constituição nº 171 de 1993. Sim: 303; não: 184; abstenções: 3; total: 490.,30/6/2015,00:16,SUBSTITUTIVO DA COMISSÃO ESPECIAL,5587,PSDB,sim,Maioridade 1
PEC,171,1993,1,Rejeitado o Substitutivo adotado pela Comissão Especial à Proposta de Emenda à Constituição nº 171 de 1993. Sim: 303; não: 184; abstenções: 3; total: 490.,30/6/2015,00:16,SUBSTITUTIVO DA COMISSÃO ESPECIAL,5587,PrbPtnPmnPrpPsdcPrtbPtcPslPtdoB,sim,Maioridade 1
PEC,171,1993,1,Rejeitado o Substitutivo adotado pela Comissão Especial à Proposta de Emenda à Constituição nº 171 de 1993. Sim: 303; não: 184; abstenções: 3; total: 490.,30/6/2015,00:16,SUBSTITUTIVO DA COMISSÃO ESPECIAL,5587,PSD,sim,Maioridade 1
PEC,171,1993,1,Rejeitado o Substitutivo adotado pela Comissão Especial à Proposta de Emenda à Constituição nº 171 de 1993. Sim: 303; não: 184; abstenções: 3; total: 490.,30/6/2015,00:16,SUBSTITUTIVO DA COMISSÃO ESPECIAL,5587,PR,sim,Maioridade 1
PEC,171,1993,1,Rejeitado o Substitutivo adotado pela Comissão Especial à Proposta de Emenda à Constituição nº 171 de 1993. Sim: 303; não: 184; abstenções: 3; total: 490.,30/6/2015,00:16,SUBSTITUTIVO DA COMISSÃO ESPECIAL,5587,PSB,não,Maioridade 1
PEC,171,1993,1,Rejeitado o Substitutivo adotado pela Comissão Especial à Proposta de Emenda à Constituição nº 171 de 1993. Sim: 303; não: 184; abstenções: 3; total: 490.,30/6/2015,00:16,SUBSTITUTIVO DA COMISSÃO ESPECIAL,5587,DEM,sim,Maioridade 1
PEC,171,1993,1,Rejeitado o Substitutivo adotado pela Comissão Especial à Proposta de Emenda à Constituição nº 171 de 1993. Sim: 303; não: 184; abstenções: 3; total: 490.,30/6/2015,00:16,SUBSTITUTIVO DA COMISSÃO ESPECIAL,5587,PDT,não,Maioridade 1
PEC,171,1993,1,Rejeitado o Substitutivo adotado pela Comissão Especial à Proposta de Emenda à Constituição nº 171 de 1993. Sim: 303; não: 184; abstenções: 3; total: 490.,30/6/2015,00:16,SUBSTITUTIVO DA COMISSÃO ESPECIAL,5587,Solidaried,sim,Maioridade 1
PEC,171,1993,1,Rejeitado o Substitutivo adotado pela Comissão Especial à Proposta de Emenda à Constituição nº 171 de 1993. Sim: 303; não: 184; abstenções: 3; total: 490.,30/6/2015,00:16,SUBSTITUTIVO DA COMISSÃO ESPECIAL,5587,PCdoB,não,Maioridade 1
PEC,171,1993,1,Rejeitado o Substitutivo adotado pela Comissão Especial à Proposta de Emenda à Constituição nº 171 de 1993. Sim: 303; não: 184; abstenções: 3; total: 490.,30/6/2015,00:16,SUBSTITUTIVO DA COMISSÃO ESPECIAL,5587,PROS,não,Maioridade 1
PEC,171,1993,1,Rejeitado o Substitutivo adotado pela Comissão Especial à Proposta de Emenda à Constituição nº 171 de 1993. Sim: 303; não: 184; abstenções: 3; total: 490.,30/6/2015,00:16,SUBSTITUTIVO DA COMISSÃO ESPECIAL,5587,PPS,não,Maioridade 1
PEC,171,1993,1,Rejeitado o Substitutivo adotado pela Comissão Especial à Proposta de Emenda à Constituição nº 171 de 1993. Sim: 303; não: 184; abstenções: 3; total: 490.,30/6/2015,00:16,SUBSTITUTIVO DA COMISSÃO ESPECIAL,5587,PV,não,Maioridade 1
PEC,171,1993,1,Rejeitado o Substitutivo adotado pela Comissão Especial à Proposta de Emenda à Constituição nº 171 de 1993. Sim: 303; não: 184; abstenções: 3; total: 490.,30/6/2015,00:16,SUBSTITUTIVO DA COMISSÃO ESPECIAL,5587,Repr.PSOL,não,Maioridade 1
PEC,171,1993,1,Rejeitado o Substitutivo adotado pela Comissão Especial à Proposta de Emenda à Constituição nº 171 de 1993. Sim: 303; não: 184; abstenções: 3; total: 490.,30/6/2015,00:16,SUBSTITUTIVO DA COMISSÃO ESPECIAL,5587,Minoria,liberado,Maioridade 1
PEC,171,1993,1,Rejeitado o Substitutivo adotado pela Comissão Especial à Proposta de Emenda à Constituição nº 171 de 1993. Sim: 303; não: 184; abstenções: 3; total: 490.,30/6/2015,00:16,SUBSTITUTIVO DA COMISSÃO ESPECIAL,5587,GOV.,não,Maioridade 1
PEC,171,1993,4,Aprovada a Emenda Aglutinativa nº 16. Sim: 323; não: 155; abstenção: 2; total: 480.,1/7/2015,00:03,EMENDA AGLUTINATIVA Nº 16,5590,PmdbPpPtbPscPhsPen,sim,Maioridade 2
PEC,171,1993,4,Aprovada a Emenda Aglutinativa nº 16. Sim: 323; não: 155; abstenção: 2; total: 480.,1/7/2015,00:03,EMENDA AGLUTINATIVA Nº 16,5590,PT,não,Maioridade 2
PEC,171,1993,4,Aprovada a Emenda Aglutinativa nº 16. Sim: 323; não: 155; abstenção: 2; total: 480.,1/7/2015,00:03,EMENDA AGLUTINATIVA Nº 16,5590,PSDB,sim,Maioridade 2
PEC,171,1993,4,Aprovada a Emenda Aglutinativa nº 16. Sim: 323; não: 155; abstenção: 2; total: 480.,1/7/2015,00:03,EMENDA AGLUTINATIVA Nº 16,5590,PrbPtnPmnPrpPsdcPrtbPtcPslPtdoB,sim,Maioridade 2
PEC,171,1993,4,Aprovada a Emenda Aglutinativa nº 16. Sim: 323; não: 155; abstenção: 2; total: 480.,1/7/2015,00:03,EMENDA AGLUTINATIVA Nº 16,5590,PSD,sim,Maioridade 2
PEC,171,1993,4,Aprovada a Emenda Aglutinativa nº 16. Sim: 323; não: 155; abstenção: 2; total: 480.,1/7/2015,00:03,EMENDA AGLUTINATIVA Nº 16,5590,PR,sim,Maioridade 2
PEC,171,1993,4,Aprovada a Emenda Aglutinativa nº 16. Sim: 323; não: 155; abstenção: 2; total: 480.,1/7/2015,00:03,EMENDA AGLUTINATIVA Nº 16,5590,PSB,não,Maioridade 2
PEC,171,1993,4,Aprovada a Emenda Aglutinativa nº 16. Sim: 323; não: 155; abstenção: 2; total: 480.,1/7/2015,00:03,EMENDA AGLUTINATIVA Nº 16,5590,DEM,sim,Maioridade 2
PEC,171,1993,4,Aprovada a Emenda Aglutinativa nº 16. Sim: 323; não: 155; abstenção: 2; total: 480.,1/7/2015,00:03,EMENDA AGLUTINATIVA Nº 16,5590,PDT,não,Maioridade 2
PEC,171,1993,4,Aprovada a Emenda Aglutinativa nº 16. Sim: 323; não: 155; abstenção: 2; total: 480.,1/7/2015,00:03,EMENDA AGLUTINATIVA Nº 16,5590,Solidaried,sim,Maioridade 2
PEC,171,1993,4,Aprovada a Emenda Aglutinativa nº 16. Sim: 323; não: 155; abstenção: 2; total: 480.,1/7/2015,00:03,EMENDA AGLUTINATIVA Nº 16,5590,PCdoB,não,Maioridade 2
PEC,171,1993,4,Aprovada a Emenda Aglutinativa nº 16. Sim: 323; não: 155; abstenção: 2; total: 480.,1/7/2015,00:03,EMENDA AGLUTINATIVA Nº 16,5590,PROS,não,Maioridade 2
PEC,171,1993,4,Aprovada a Emenda Aglutinativa nº 16. Sim: 323; não: 155; abstenção: 2; total: 480.,1/7/2015,00:03,EMENDA AGLUTINATIVA Nº 16,5590,PPS,não,Maioridade 2
PEC,171,1993,4,Aprovada a Emenda Aglutinativa nº 16. Sim: 323; não: 155; abstenção: 2; total: 480.,1/7/2015,00:03,EMENDA AGLUTINATIVA Nº 16,5590,PV,não,Maioridade 2
PEC,171,1993,4,Aprovada a Emenda Aglutinativa nº 16. Sim: 323; não: 155; abstenção: 2; total: 480.,1/7/2015,00:03,EMENDA AGLUTINATIVA Nº 16,5590,Repr.PSOL,obstrução,Maioridade 2
PEC,171,1993,4,Aprovada a Emenda Aglutinativa nº 16. Sim: 323; não: 155; abstenção: 2; total: 480.,1/7/2015,00:03,EMENDA AGLUTINATIVA Nº 16,5590,Minoria,liberado,Maioridade 2
PEC,171,1993,4,Aprovada a Emenda Aglutinativa nº 16. Sim: 323; não: 155; abstenção: 2; total: 480.,1/7/2015,00:03,EMENDA AGLUTINATIVA Nº 16,5590,GOV.,não,Maioridade 2
PEC,182,2007,3,Rejeitado o artigo 1º do Substitutivo. Sim: 210; não: 267; abstenção: 5; total: 482.,26/5/2015,21:49,ART. 1º DO SUBSTITUTIVO,5545,PmdbPpPtbPscPhsPen,sim,Distritao
PEC,182,2007,3,Rejeitado o artigo 1º do Substitutivo. Sim: 210; não: 267; abstenção: 5; total: 482.,26/5/2015,21:49,ART. 1º DO SUBSTITUTIVO,5545,PT,não,Distritao
PEC,182,2007,3,Rejeitado o artigo 1º do Substitutivo. Sim: 210; não: 267; abstenção: 5; total: 482.,26/5/2015,21:49,ART. 1º DO SUBSTITUTIVO,5545,PSDB,liberado,Distritao
PEC,182,2007,3,Rejeitado o artigo 1º do Substitutivo. Sim: 210; não: 267; abstenção: 5; total: 482.,26/5/2015,21:49,ART. 1º DO SUBSTITUTIVO,5545,PrbPtnPmnPrpPsdcPrtbPtcPslPtdoB,não,Distritao
PEC,182,2007,3,Rejeitado o artigo 1º do Substitutivo. Sim: 210; não: 267; abstenção: 5; total: 482.,26/5/2015,21:49,ART. 1º DO SUBSTITUTIVO,5545,PSD,liberado,Distritao
PEC,182,2007,3,Rejeitado o artigo 1º do Substitutivo. Sim: 210; não: 267; abstenção: 5; total: 482.,26/5/2015,21:49,ART. 1º DO SUBSTITUTIVO,5545,PR,não,Distritao
PEC,182,2007,3,Rejeitado o artigo 1º do Substitutivo. Sim: 210; não: 267; abstenção: 5; total: 482.,26/5/2015,21:49,ART. 1º DO SUBSTITUTIVO,5545,PSB,não,Distritao
PEC,182,2007,3,Rejeitado o artigo 1º do Substitutivo. Sim: 210; não: 267; abstenção: 5; total: 482.,26/5/2015,21:49,ART. 1º DO SUBSTITUTIVO,5545,DEM,sim,Distritao
PEC,182,2007,3,Rejeitado o artigo 1º do Substitutivo. Sim: 210; não: 267; abstenção: 5; total: 482.,26/5/2015,21:49,ART. 1º DO SUBSTITUTIVO,5545,PDT,não,Distritao
PEC,182,2007,3,Rejeitado o artigo 1º do Substitutivo. Sim: 210; não: 267; abstenção: 5; total: 482.,26/5/2015,21:49,ART. 1º DO SUBSTITUTIVO,5545,Solidaried,sim,Distritao
PEC,182,2007,3,Rejeitado o artigo 1º do Substitutivo. Sim: 210; não: 267; abstenção: 5; total: 482.,26/5/2015,21:49,ART. 1º DO SUBSTITUTIVO,5545,PCdoB,sim,Distritao
PEC,182,2007,3,Rejeitado o artigo 1º do Substitutivo. Sim: 210; não: 267; abstenção: 5; total: 482.,26/5/2015,21:49,ART. 1º DO SUBSTITUTIVO,5545,PROS,liberado,Distritao
PEC,182,2007,3,Rejeitado o artigo 1º do Substitutivo. Sim: 210; não: 267; abstenção: 5; total: 482.,26/5/2015,21:49,ART. 1º DO SUBSTITUTIVO,5545,PPS,não,Distritao
PEC,182,2007,3,Rejeitado o artigo 1º do Substitutivo. Sim: 210; não: 267; abstenção: 5; total: 482.,26/5/2015,21:49,ART. 1º DO SUBSTITUTIVO,5545,PV,não,Distritao
PEC,182,2007,3,Rejeitado o artigo 1º do Substitutivo. Sim: 210; não: 267; abstenção: 5; total: 482.,26/5/2015,21:49,ART. 1º DO SUBSTITUTIVO,5545,Repr.PSOL,não,Distritao
PEC,182,2007,3,Rejeitado o artigo 1º do Substitutivo. Sim: 210; não: 267; abstenção: 5; total: 482.,26/5/2015,21:49,ART. 1º DO SUBSTITUTIVO,5545,Minoria,liberado,Distritao
PEC,182,2007,3,Rejeitado o artigo 1º do Substitutivo. Sim: 210; não: 267; abstenção: 5; total: 482.,26/5/2015,21:49,ART. 1º DO SUBSTITUTIVO,5545,GOV.,liberado,Distritao
PEC,182,2007,5,Rejeitada a Emenda Aglutinativa nº 22. Sim: 264; não: 207; abstenção: 4; total: 475.,26/5/2015,23:53,EMENDA AGLUTINATIVA Nº 22,5545,PmdbPpPtbPscPhsPen,sim,Financiamento privado para partidos e candidatos
PEC,182,2007,5,Rejeitada a Emenda Aglutinativa nº 22. Sim: 264; não: 207; abstenção: 4; total: 475.,26/5/2015,23:53,EMENDA AGLUTINATIVA Nº 22,5545,PT,não,Financiamento privado para partidos e candidatos
PEC,182,2007,5,Rejeitada a Emenda Aglutinativa nº 22. Sim: 264; não: 207; abstenção: 4; total: 475.,26/5/2015,23:53,EMENDA AGLUTINATIVA Nº 22,5545,PSDB,sim,Financiamento privado para partidos e candidatos
PEC,182,2007,5,Rejeitada a Emenda Aglutinativa nº 22. Sim: 264; não: 207; abstenção: 4; total: 475.,26/5/2015,23:53,EMENDA AGLUTINATIVA Nº 22,5545,PrbPtnPmnPrpPsdcPrtbPtcPslPtdoB,não,Financiamento privado para partidos e candidatos
PEC,182,2007,5,Rejeitada a Emenda Aglutinativa nº 22. Sim: 264; não: 207; abstenção: 4; total: 475.,26/5/2015,23:53,EMENDA AGLUTINATIVA Nº 22,5545,PSD,sim,Financiamento privado para partidos e candidatos
PEC,182,2007,5,Rejeitada a Emenda Aglutinativa nº 22. Sim: 264; não: 207; abstenção: 4; total: 475.,26/5/2015,23:53,EMENDA AGLUTINATIVA Nº 22,5545,PR,sim,Financiamento privado para partidos e candidatos
PEC,182,2007,5,Rejeitada a Emenda Aglutinativa nº 22. Sim: 264; não: 207; abstenção: 4; total: 475.,26/5/2015,23:53,EMENDA AGLUTINATIVA Nº 22,5545,PSB,liberado,Financiamento privado para partidos e candidatos
PEC,182,2007,5,Rejeitada a Emenda Aglutinativa nº 22. Sim: 264; não: 207; abstenção: 4; total: 475.,26/5/2015,23:53,EMENDA AGLUTINATIVA Nº 22,5545,DEM,sim,Financiamento privado para partidos e candidatos
PEC,182,2007,5,Rejeitada a Emenda Aglutinativa nº 22. Sim: 264; não: 207; abstenção: 4; total: 475.,26/5/2015,23:53,EMENDA AGLUTINATIVA Nº 22,5545,PDT,não,Financiamento privado para partidos e candidatos
PEC,182,2007,5,Rejeitada a Emenda Aglutinativa nº 22. Sim: 264; não: 207; abstenção: 4; total: 475.,26/5/2015,23:53,EMENDA AGLUTINATIVA Nº 22,5545,Solidaried,sim,Financiamento privado para partidos e candidatos
PEC,182,2007,5,Rejeitada a Emenda Aglutinativa nº 22. Sim: 264; não: 207; abstenção: 4; total: 475.,26/5/2015,23:53,EMENDA AGLUTINATIVA Nº 22,5545,PCdoB,não,Financiamento privado para partidos e candidatos
PEC,182,2007,5,Rejeitada a Emenda Aglutinativa nº 22. Sim: 264; não: 207; abstenção: 4; total: 475.,26/5/2015,23:53,EMENDA AGLUTINATIVA Nº 22,5545,PROS,liberado,Financiamento privado para partidos e candidatos
PEC,182,2007,5,Rejeitada a Emenda Aglutinativa nº 22. Sim: 264; não: 207; abstenção: 4; total: 475.,26/5/2015,23:53,EMENDA AGLUTINATIVA Nº 22,5545,PPS,não,Financiamento privado para partidos e candidatos
PEC,182,2007,5,Rejeitada a Emenda Aglutinativa nº 22. Sim: 264; não: 207; abstenção: 4; total: 475.,26/5/2015,23:53,EMENDA AGLUTINATIVA Nº 22,5545,PV,não,Financiamento privado para partidos e candidatos
PEC,182,2007,5,Rejeitada a Emenda Aglutinativa nº 22. Sim: 264; não: 207; abstenção: 4; total: 475.,26/5/2015,23:53,EMENDA AGLUTINATIVA Nº 22,5545,Repr.PSOL,não,Financiamento privado para partidos e candidatos
PEC,182,2007,5,Rejeitada a Emenda Aglutinativa nº 22. Sim: 264; não: 207; abstenção: 4; total: 475.,26/5/2015,23:53,EMENDA AGLUTINATIVA Nº 22,5545,Minoria,liberado,Financiamento privado para partidos e candidatos
PEC,182,2007,7,Rejeitado o artigo 8º do Substitutivo. Sim: 134; não: 311; abstenção: 3; total: 448.,10/6/2015,19:19,ARTIGO 8º DO SUBSTITUTIVO  - VOTO FACULTATIVO,5562,PmdbPpPtbPscPhsPen,liberado,Voto Facultativo
PEC,182,2007,7,Rejeitado o artigo 8º do Substitutivo. Sim: 134; não: 311; abstenção: 3; total: 448.,10/6/2015,19:19,ARTIGO 8º DO SUBSTITUTIVO  - VOTO FACULTATIVO,5562,PT,não,Voto Facultativo
PEC,182,2007,7,Rejeitado o artigo 8º do Substitutivo. Sim: 134; não: 311; abstenção: 3; total: 448.,10/6/2015,19:19,ARTIGO 8º DO SUBSTITUTIVO  - VOTO FACULTATIVO,5562,PSDB,não,Voto Facultativo
PEC,182,2007,7,Rejeitado o artigo 8º do Substitutivo. Sim: 134; não: 311; abstenção: 3; total: 448.,10/6/2015,19:19,ARTIGO 8º DO SUBSTITUTIVO  - VOTO FACULTATIVO,5562,PrbPtnPmnPrpPsdcPrtbPtcPslPtdoB,não,Voto Facultativo
PEC,182,2007,7,Rejeitado o artigo 8º do Substitutivo. Sim: 134; não: 311; abstenção: 3; total: 448.,10/6/2015,19:19,ARTIGO 8º DO SUBSTITUTIVO  - VOTO FACULTATIVO,5562,PSD,não,Voto Facultativo
PEC,182,2007,7,Rejeitado o artigo 8º do Substitutivo. Sim: 134; não: 311; abstenção: 3; total: 448.,10/6/2015,19:19,ARTIGO 8º DO SUBSTITUTIVO  - VOTO FACULTATIVO,5562,PR,não,Voto Facultativo
PEC,182,2007,7,Rejeitado o artigo 8º do Substitutivo. Sim: 134; não: 311; abstenção: 3; total: 448.,10/6/2015,19:19,ARTIGO 8º DO SUBSTITUTIVO  - VOTO FACULTATIVO,5562,PSB,não,Voto Facultativo
PEC,182,2007,7,Rejeitado o artigo 8º do Substitutivo. Sim: 134; não: 311; abstenção: 3; total: 448.,10/6/2015,19:19,ARTIGO 8º DO SUBSTITUTIVO  - VOTO FACULTATIVO,5562,DEM,sim,Voto Facultativo
PEC,182,2007,7,Rejeitado o artigo 8º do Substitutivo. Sim: 134; não: 311; abstenção: 3; total: 448.,10/6/2015,19:19,ARTIGO 8º DO SUBSTITUTIVO  - VOTO FACULTATIVO,5562,PDT,não,Voto Facultativo
PEC,182,2007,7,Rejeitado o artigo 8º do Substitutivo. Sim: 134; não: 311; abstenção: 3; total: 448.,10/6/2015,19:19,ARTIGO 8º DO SUBSTITUTIVO  - VOTO FACULTATIVO,5562,Solidaried,não,Voto Facultativo
PEC,182,2007,7,Rejeitado o artigo 8º do Substitutivo. Sim: 134; não: 311; abstenção: 3; total: 448.,10/6/2015,19:19,ARTIGO 8º DO SUBSTITUTIVO  - VOTO FACULTATIVO,5562,PCdoB,não,Voto Facultativo
PEC,182,2007,7,Rejeitado o artigo 8º do Substitutivo. Sim: 134; não: 311; abstenção: 3; total: 448.,10/6/2015,19:19,ARTIGO 8º DO SUBSTITUTIVO  - VOTO FACULTATIVO,5562,PROS,não,Voto Facultativo
PEC,182,2007,7,Rejeitado o artigo 8º do Substitutivo. Sim: 134; não: 311; abstenção: 3; total: 448.,10/6/2015,19:19,ARTIGO 8º DO SUBSTITUTIVO  - VOTO FACULTATIVO,5562,PPS,sim,Voto Facultativo
PEC,182,2007,7,Rejeitado o artigo 8º do Substitutivo. Sim: 134; não: 311; abstenção: 3; total: 448.,10/6/2015,19:19,ARTIGO 8º DO SUBSTITUTIVO  - VOTO FACULTATIVO,5562,PV,sim,Voto Facultativo
PEC,182,2007,7,Rejeitado o artigo 8º do Substitutivo. Sim: 134; não: 311; abstenção: 3; total: 448.,10/6/2015,19:19,ARTIGO 8º DO SUBSTITUTIVO  - VOTO FACULTATIVO,5562,Repr.PSOL,não,Voto Facultativo
PEC,182,2007,7,Rejeitado o artigo 8º do Substitutivo. Sim: 134; não: 311; abstenção: 3; total: 448.,10/6/2015,19:19,ARTIGO 8º DO SUBSTITUTIVO  - VOTO FACULTATIVO,5562,Minoria,liberado,Voto Facultativo
PEC,182,2007,7,Rejeitado o artigo 8º do Substitutivo. Sim: 134; não: 311; abstenção: 3; total: 448.,10/6/2015,19:19,ARTIGO 8º DO SUBSTITUTIVO  - VOTO FACULTATIVO,5562,GOV.,liberado,Voto Facultativo
PEC,182,2007,14,Aprovada a Emenda Aglutinativa nº 28. Sim: 330; não: 141; abstenção: 1; total: 472.,27/5/2015,21:08,EMENDA AGLUTINATIVA Nº 28,5547,PmdbPpPtbPscPhsPen,sim,Financiamento privado para partidos
PEC,182,2007,14,Aprovada a Emenda Aglutinativa nº 28. Sim: 330; não: 141; abstenção: 1; total: 472.,27/5/2015,21:08,EMENDA AGLUTINATIVA Nº 28,5547,PT,não,Financiamento privado para partidos
PEC,182,2007,14,Aprovada a Emenda Aglutinativa nº 28. Sim: 330; não: 141; abstenção: 1; total: 472.,27/5/2015,21:08,EMENDA AGLUTINATIVA Nº 28,5547,PSDB,sim,Financiamento privado para partidos
PEC,182,2007,14,Aprovada a Emenda Aglutinativa nº 28. Sim: 330; não: 141; abstenção: 1; total: 472.,27/5/2015,21:08,EMENDA AGLUTINATIVA Nº 28,5547,PrbPtnPmnPrpPsdcPrtbPtcPslPtdoB,sim,Financiamento privado para partidos
PEC,182,2007,14,Aprovada a Emenda Aglutinativa nº 28. Sim: 330; não: 141; abstenção: 1; total: 472.,27/5/2015,21:08,EMENDA AGLUTINATIVA Nº 28,5547,PSD,sim,Financiamento privado para partidos
PEC,182,2007,14,Aprovada a Emenda Aglutinativa nº 28. Sim: 330; não: 141; abstenção: 1; total: 472.,27/5/2015,21:08,EMENDA AGLUTINATIVA Nº 28,5547,PR,sim,Financiamento privado para partidos
PEC,182,2007,14,Aprovada a Emenda Aglutinativa nº 28. Sim: 330; não: 141; abstenção: 1; total: 472.,27/5/2015,21:08,EMENDA AGLUTINATIVA Nº 28,5547,PSB,liberado,Financiamento privado para partidos
PEC,182,2007,14,Aprovada a Emenda Aglutinativa nº 28. Sim: 330; não: 141; abstenção: 1; total: 472.,27/5/2015,21:08,EMENDA AGLUTINATIVA Nº 28,5547,DEM,sim,Financiamento privado para partidos
PEC,182,2007,14,Aprovada a Emenda Aglutinativa nº 28. Sim: 330; não: 141; abstenção: 1; total: 472.,27/5/2015,21:08,EMENDA AGLUTINATIVA Nº 28,5547,PDT,não,Financiamento privado para partidos
PEC,182,2007,14,Aprovada a Emenda Aglutinativa nº 28. Sim: 330; não: 141; abstenção: 1; total: 472.,27/5/2015,21:08,EMENDA AGLUTINATIVA Nº 28,5547,Solidaried,sim,Financiamento privado para partidos
PEC,182,2007,14,Aprovada a Emenda Aglutinativa nº 28. Sim: 330; não: 141; abstenção: 1; total: 472.,27/5/2015,21:08,EMENDA AGLUTINATIVA Nº 28,5547,PCdoB,não,Financiamento privado para partidos
PEC,182,2007,14,Aprovada a Emenda Aglutinativa nº 28. Sim: 330; não: 141; abstenção: 1; total: 472.,27/5/2015,21:08,EMENDA AGLUTINATIVA Nº 28,5547,PROS,sim,Financiamento privado para partidos
PEC,182,2007,14,Aprovada a Emenda Aglutinativa nº 28. Sim: 330; não: 141; abstenção: 1; total: 472.,27/5/2015,21:08,EMENDA AGLUTINATIVA Nº 28,5547,PPS,não,Financiamento privado para partidos
PEC,182,2007,14,Aprovada a Emenda Aglutinativa nº 28. Sim: 330; não: 141; abstenção: 1; total: 472.,27/5/2015,21:08,EMENDA AGLUTINATIVA Nº 28,5547,PV,sim,Financiamento privado para partidos
PEC,182,2007,14,Aprovada a Emenda Aglutinativa nº 28. Sim: 330; não: 141; abstenção: 1; total: 472.,27/5/2015,21:08,EMENDA AGLUTINATIVA Nº 28,5547,Repr.PSOL,obstrução,Financiamento privado para partidos
PEC,182,2007,14,Aprovada a Emenda Aglutinativa nº 28. Sim: 330; não: 141; abstenção: 1; total: 472.,27/5/2015,21:08,EMENDA AGLUTINATIVA Nº 28,5547,Minoria,liberado,Financiamento privado para partidos
PEC,182,2007,15,Aprovado o art. 3º do Substitutivo oferecido pelo Relator da Comissão Especial. Sim: 452; não: 19; abstenção: 1; total: 472.,27/5/2015,23:09,ARTIGO 3º DO SUBSTITUTIVO - FIM DA REELEIÇÃO,5548,PmdbPpPtbPscPhsPen,sim,Reeleição
PEC,182,2007,15,Aprovado o art. 3º do Substitutivo oferecido pelo Relator da Comissão Especial. Sim: 452; não: 19; abstenção: 1; total: 472.,27/5/2015,23:09,ARTIGO 3º DO SUBSTITUTIVO - FIM DA REELEIÇÃO,5548,PT,sim,Reeleição
PEC,182,2007,15,Aprovado o art. 3º do Substitutivo oferecido pelo Relator da Comissão Especial. Sim: 452; não: 19; abstenção: 1; total: 472.,27/5/2015,23:09,ARTIGO 3º DO SUBSTITUTIVO - FIM DA REELEIÇÃO,5548,PSDB,sim,Reeleição
PEC,182,2007,15,Aprovado o art. 3º do Substitutivo oferecido pelo Relator da Comissão Especial. Sim: 452; não: 19; abstenção: 1; total: 472.,27/5/2015,23:09,ARTIGO 3º DO SUBSTITUTIVO - FIM DA REELEIÇÃO,5548,PrbPtnPmnPrpPsdcPrtbPtcPslPtdoB,sim,Reeleição
PEC,182,2007,15,Aprovado o art. 3º do Substitutivo oferecido pelo Relator da Comissão Especial. Sim: 452; não: 19; abstenção: 1; total: 472.,27/5/2015,23:09,ARTIGO 3º DO SUBSTITUTIVO - FIM DA REELEIÇÃO,5548,PSD,sim,Reeleição
PEC,182,2007,15,Aprovado o art. 3º do Substitutivo oferecido pelo Relator da Comissão Especial. Sim: 452; não: 19; abstenção: 1; total: 472.,27/5/2015,23:09,ARTIGO 3º DO SUBSTITUTIVO - FIM DA REELEIÇÃO,5548,PR,sim,Reeleição
PEC,182,2007,15,Aprovado o art. 3º do Substitutivo oferecido pelo Relator da Comissão Especial. Sim: 452; não: 19; abstenção: 1; total: 472.,27/5/2015,23:09,ARTIGO 3º DO SUBSTITUTIVO - FIM DA REELEIÇÃO,5548,PSB,sim,Reeleição
PEC,182,2007,15,Aprovado o art. 3º do Substitutivo oferecido pelo Relator da Comissão Especial. Sim: 452; não: 19; abstenção: 1; total: 472.,27/5/2015,23:09,ARTIGO 3º DO SUBSTITUTIVO - FIM DA REELEIÇÃO,5548,DEM,sim,Reeleição
PEC,182,2007,15,Aprovado o art. 3º do Substitutivo oferecido pelo Relator da Comissão Especial. Sim: 452; não: 19; abstenção: 1; total: 472.,27/5/2015,23:09,ARTIGO 3º DO SUBSTITUTIVO - FIM DA REELEIÇÃO,5548,PDT,sim,Reeleição
PEC,182,2007,15,Aprovado o art. 3º do Substitutivo oferecido pelo Relator da Comissão Especial. Sim: 452; não: 19; abstenção: 1; total: 472.,27/5/2015,23:09,ARTIGO 3º DO SUBSTITUTIVO - FIM DA REELEIÇÃO,5548,Solidaried,sim,Reeleição
PEC,182,2007,15,Aprovado o art. 3º do Substitutivo oferecido pelo Relator da Comissão Especial. Sim: 452; não: 19; abstenção: 1; total: 472.,27/5/2015,23:09,ARTIGO 3º DO SUBSTITUTIVO - FIM DA REELEIÇÃO,5548,PCdoB,sim,Reeleição
PEC,182,2007,15,Aprovado o art. 3º do Substitutivo oferecido pelo Relator da Comissão Especial. Sim: 452; não: 19; abstenção: 1; total: 472.,27/5/2015,23:09,ARTIGO 3º DO SUBSTITUTIVO - FIM DA REELEIÇÃO,5548,PROS,sim,Reeleição
PEC,182,2007,15,Aprovado o art. 3º do Substitutivo oferecido pelo Relator da Comissão Especial. Sim: 452; não: 19; abstenção: 1; total: 472.,27/5/2015,23:09,ARTIGO 3º DO SUBSTITUTIVO - FIM DA REELEIÇÃO,5548,PPS,sim,Reeleição
PEC,182,2007,15,Aprovado o art. 3º do Substitutivo oferecido pelo Relator da Comissão Especial. Sim: 452; não: 19; abstenção: 1; total: 472.,27/5/2015,23:09,ARTIGO 3º DO SUBSTITUTIVO - FIM DA REELEIÇÃO,5548,PV,sim,Reeleição
PEC,182,2007,15,Aprovado o art. 3º do Substitutivo oferecido pelo Relator da Comissão Especial. Sim: 452; não: 19; abstenção: 1; total: 472.,27/5/2015,23:09,ARTIGO 3º DO SUBSTITUTIVO - FIM DA REELEIÇÃO,5548,Repr.PSOL,sim,Reeleição
PEC,182,2007,15,Aprovado o art. 3º do Substitutivo oferecido pelo Relator da Comissão Especial. Sim: 452; não: 19; abstenção: 1; total: 472.,27/5/2015,23:09,ARTIGO 3º DO SUBSTITUTIVO - FIM DA REELEIÇÃO,5548,Minoria,sim,Reeleição
PEC,182,2007,20,Aprovada a Emenda Aglutinativa nº 48. Sim: 348; não: 110; abstenção: 3; total: 461.,10/6/2015,20:58,EMENDA AGLUTINATIVA Nº 48,5562,PmdbPpPtbPscPhsPen,liberado,Tempo Mandato
PEC,182,2007,20,Aprovada a Emenda Aglutinativa nº 48. Sim: 348; não: 110; abstenção: 3; total: 461.,10/6/2015,20:58,EMENDA AGLUTINATIVA Nº 48,5562,PT,sim,Tempo Mandato
PEC,182,2007,20,Aprovada a Emenda Aglutinativa nº 48. Sim: 348; não: 110; abstenção: 3; total: 461.,10/6/2015,20:58,EMENDA AGLUTINATIVA Nº 48,5562,PSDB,sim,Tempo Mandato
PEC,182,2007,20,Aprovada a Emenda Aglutinativa nº 48. Sim: 348; não: 110; abstenção: 3; total: 461.,10/6/2015,20:58,EMENDA AGLUTINATIVA Nº 48,5562,PrbPtnPmnPrpPsdcPrtbPtcPslPtdoB,não,Tempo Mandato
PEC,182,2007,20,Aprovada a Emenda Aglutinativa nº 48. Sim: 348; não: 110; abstenção: 3; total: 461.,10/6/2015,20:58,EMENDA AGLUTINATIVA Nº 48,5562,PSD,sim,Tempo Mandato
PEC,182,2007,20,Aprovada a Emenda Aglutinativa nº 48. Sim: 348; não: 110; abstenção: 3; total: 461.,10/6/2015,20:58,EMENDA AGLUTINATIVA Nº 48,5562,PR,sim,Tempo Mandato
PEC,182,2007,20,Aprovada a Emenda Aglutinativa nº 48. Sim: 348; não: 110; abstenção: 3; total: 461.,10/6/2015,20:58,EMENDA AGLUTINATIVA Nº 48,5562,PSB,sim,Tempo Mandato
PEC,182,2007,20,Aprovada a Emenda Aglutinativa nº 48. Sim: 348; não: 110; abstenção: 3; total: 461.,10/6/2015,20:58,EMENDA AGLUTINATIVA Nº 48,5562,DEM,não,Tempo Mandato
PEC,182,2007,20,Aprovada a Emenda Aglutinativa nº 48. Sim: 348; não: 110; abstenção: 3; total: 461.,10/6/2015,20:58,EMENDA AGLUTINATIVA Nº 48,5562,PDT,sim,Tempo Mandato
PEC,182,2007,20,Aprovada a Emenda Aglutinativa nº 48. Sim: 348; não: 110; abstenção: 3; total: 461.,10/6/2015,20:58,EMENDA AGLUTINATIVA Nº 48,5562,Solidaried,sim,Tempo Mandato
PEC,182,2007,20,Aprovada a Emenda Aglutinativa nº 48. Sim: 348; não: 110; abstenção: 3; total: 461.,10/6/2015,20:58,EMENDA AGLUTINATIVA Nº 48,5562,PCdoB,não,Tempo Mandato
PEC,182,2007,20,Aprovada a Emenda Aglutinativa nº 48. Sim: 348; não: 110; abstenção: 3; total: 461.,10/6/2015,20:58,EMENDA AGLUTINATIVA Nº 48,5562,PROS,sim,Tempo Mandato
PEC,182,2007,20,Aprovada a Emenda Aglutinativa nº 48. Sim: 348; não: 110; abstenção: 3; total: 461.,10/6/2015,20:58,EMENDA AGLUTINATIVA Nº 48,5562,PPS,não,Tempo Mandato
PEC,182,2007,20,Aprovada a Emenda Aglutinativa nº 48. Sim: 348; não: 110; abstenção: 3; total: 461.,10/6/2015,20:58,EMENDA AGLUTINATIVA Nº 48,5562,PV,liberado,Tempo Mandato
PEC,182,2007,20,Aprovada a Emenda Aglutinativa nº 48. Sim: 348; não: 110; abstenção: 3; total: 461.,10/6/2015,20:58,EMENDA AGLUTINATIVA Nº 48,5562,Repr.PSOL,sim,Tempo Mandato
PEC,182,2007,20,Aprovada a Emenda Aglutinativa nº 48. Sim: 348; não: 110; abstenção: 3; total: 461.,10/6/2015,20:58,EMENDA AGLUTINATIVA Nº 48,5562,Minoria,liberado,Tempo Mandato
PEC,182,2007,20,Aprovada a Emenda Aglutinativa nº 48. Sim: 348; não: 110; abstenção: 3; total: 461.,10/6/2015,20:58,EMENDA AGLUTINATIVA Nº 48,5562,GOV.,liberado,Tempo Mandato
PEC,182,2007,23,Rejeitada a Emenda Aglutinativa nº 54. Sim: 220; não: 225; abstenção: 3; total: 448.,10/6/2015,22:38,EMENDA AGLUTINATIVA Nº 54,5563,PmdbPpPtbPscPhsPen,liberado,Coincidência reeleição
PEC,182,2007,23,Rejeitada a Emenda Aglutinativa nº 54. Sim: 220; não: 225; abstenção: 3; total: 448.,10/6/2015,22:38,EMENDA AGLUTINATIVA Nº 54,5563,PT,não,Coincidência reeleição
PEC,182,2007,23,Rejeitada a Emenda Aglutinativa nº 54. Sim: 220; não: 225; abstenção: 3; total: 448.,10/6/2015,22:38,EMENDA AGLUTINATIVA Nº 54,5563,PSDB,não,Coincidência reeleição
PEC,182,2007,23,Rejeitada a Emenda Aglutinativa nº 54. Sim: 220; não: 225; abstenção: 3; total: 448.,10/6/2015,22:38,EMENDA AGLUTINATIVA Nº 54,5563,PrbPtnPmnPrpPsdcPrtbPtcPslPtdoB,não,Coincidência reeleição
PEC,182,2007,23,Rejeitada a Emenda Aglutinativa nº 54. Sim: 220; não: 225; abstenção: 3; total: 448.,10/6/2015,22:38,EMENDA AGLUTINATIVA Nº 54,5563,PSD,liberado,Coincidência reeleição
PEC,182,2007,23,Rejeitada a Emenda Aglutinativa nº 54. Sim: 220; não: 225; abstenção: 3; total: 448.,10/6/2015,22:38,EMENDA AGLUTINATIVA Nº 54,5563,PR,sim,Coincidência reeleição
PEC,182,2007,23,Rejeitada a Emenda Aglutinativa nº 54. Sim: 220; não: 225; abstenção: 3; total: 448.,10/6/2015,22:38,EMENDA AGLUTINATIVA Nº 54,5563,PSB,sim,Coincidência reeleição
PEC,182,2007,23,Rejeitada a Emenda Aglutinativa nº 54. Sim: 220; não: 225; abstenção: 3; total: 448.,10/6/2015,22:38,EMENDA AGLUTINATIVA Nº 54,5563,DEM,liberado,Coincidência reeleição
PEC,182,2007,23,Rejeitada a Emenda Aglutinativa nº 54. Sim: 220; não: 225; abstenção: 3; total: 448.,10/6/2015,22:38,EMENDA AGLUTINATIVA Nº 54,5563,PDT,liberado,Coincidência reeleição
PEC,182,2007,23,Rejeitada a Emenda Aglutinativa nº 54. Sim: 220; não: 225; abstenção: 3; total: 448.,10/6/2015,22:38,EMENDA AGLUTINATIVA Nº 54,5563,Solidaried,sim,Coincidência reeleição
PEC,182,2007,23,Rejeitada a Emenda Aglutinativa nº 54. Sim: 220; não: 225; abstenção: 3; total: 448.,10/6/2015,22:38,EMENDA AGLUTINATIVA Nº 54,5563,PCdoB,não,Coincidência reeleição
PEC,182,2007,23,Rejeitada a Emenda Aglutinativa nº 54. Sim: 220; não: 225; abstenção: 3; total: 448.,10/6/2015,22:38,EMENDA AGLUTINATIVA Nº 54,5563,PROS,sim,Coincidência reeleição
PEC,182,2007,23,Rejeitada a Emenda Aglutinativa nº 54. Sim: 220; não: 225; abstenção: 3; total: 448.,10/6/2015,22:38,EMENDA AGLUTINATIVA Nº 54,5563,PPS,não,Coincidência reeleição
PEC,182,2007,23,Rejeitada a Emenda Aglutinativa nº 54. Sim: 220; não: 225; abstenção: 3; total: 448.,10/6/2015,22:38,EMENDA AGLUTINATIVA Nº 54,5563,PV,liberado,Coincidência reeleição
PEC,182,2007,23,Rejeitada a Emenda Aglutinativa nº 54. Sim: 220; não: 225; abstenção: 3; total: 448.,10/6/2015,22:38,EMENDA AGLUTINATIVA Nº 54,5563,Repr.PSOL,não,Coincidência reeleição
PEC,182,2007,23,Rejeitada a Emenda Aglutinativa nº 54. Sim: 220; não: 225; abstenção: 3; total: 448.,10/6/2015,22:38,EMENDA AGLUTINATIVA Nº 54,5563,Minoria,liberado,Coincidência reeleição
PEC,182,2007,23,Rejeitada a Emenda Aglutinativa nº 54. Sim: 220; não: 225; abstenção: 3; total: 448.,10/6/2015,22:38,EMENDA AGLUTINATIVA Nº 54,5563,GOV.,liberado,Coincidência reeleição
PEC,182,2007,26,Rejeitada a Emenda Aglutinativa nº 57. Sim: 293; não: 101; abstenção: 53; tota: 447.,16/6/2015,19:07,EMENDA AGLUTINATIVA Nº 57,5569,PmdbPpPtbPscPhsPen,liberado,Cota para mulheres legislativo
PEC,182,2007,26,Rejeitada a Emenda Aglutinativa nº 57. Sim: 293; não: 101; abstenção: 53; tota: 447.,16/6/2015,19:07,EMENDA AGLUTINATIVA Nº 57,5569,PT,sim,Cota para mulheres legislativo
PEC,182,2007,26,Rejeitada a Emenda Aglutinativa nº 57. Sim: 293; não: 101; abstenção: 53; tota: 447.,16/6/2015,19:07,EMENDA AGLUTINATIVA Nº 57,5569,PSDB,liberado,Cota para mulheres legislativo
PEC,182,2007,26,Rejeitada a Emenda Aglutinativa nº 57. Sim: 293; não: 101; abstenção: 53; tota: 447.,16/6/2015,19:07,EMENDA AGLUTINATIVA Nº 57,5569,PrbPtnPmnPrpPsdcPrtbPtcPslPtdoB,liberado,Cota para mulheres legislativo
PEC,182,2007,26,Rejeitada a Emenda Aglutinativa nº 57. Sim: 293; não: 101; abstenção: 53; tota: 447.,16/6/2015,19:07,EMENDA AGLUTINATIVA Nº 57,5569,PSD,sim,Cota para mulheres legislativo
PEC,182,2007,26,Rejeitada a Emenda Aglutinativa nº 57. Sim: 293; não: 101; abstenção: 53; tota: 447.,16/6/2015,19:07,EMENDA AGLUTINATIVA Nº 57,5569,PR,sim,Cota para mulheres legislativo
PEC,182,2007,26,Rejeitada a Emenda Aglutinativa nº 57. Sim: 293; não: 101; abstenção: 53; tota: 447.,16/6/2015,19:07,EMENDA AGLUTINATIVA Nº 57,5569,PSB,liberado,Cota para mulheres legislativo
PEC,182,2007,26,Rejeitada a Emenda Aglutinativa nº 57. Sim: 293; não: 101; abstenção: 53; tota: 447.,16/6/2015,19:07,EMENDA AGLUTINATIVA Nº 57,5569,DEM,liberado,Cota para mulheres legislativo
PEC,182,2007,26,Rejeitada a Emenda Aglutinativa nº 57. Sim: 293; não: 101; abstenção: 53; tota: 447.,16/6/2015,19:07,EMENDA AGLUTINATIVA Nº 57,5569,PDT,sim,Cota para mulheres legislativo
PEC,182,2007,26,Rejeitada a Emenda Aglutinativa nº 57. Sim: 293; não: 101; abstenção: 53; tota: 447.,16/6/2015,19:07,EMENDA AGLUTINATIVA Nº 57,5569,Solidaried,liberado,Cota para mulheres legislativo
PEC,182,2007,26,Rejeitada a Emenda Aglutinativa nº 57. Sim: 293; não: 101; abstenção: 53; tota: 447.,16/6/2015,19:07,EMENDA AGLUTINATIVA Nº 57,5569,PCdoB,sim,Cota para mulheres legislativo
PEC,182,2007,26,Rejeitada a Emenda Aglutinativa nº 57. Sim: 293; não: 101; abstenção: 53; tota: 447.,16/6/2015,19:07,EMENDA AGLUTINATIVA Nº 57,5569,PROS,liberado,Cota para mulheres legislativo
PEC,182,2007,26,Rejeitada a Emenda Aglutinativa nº 57. Sim: 293; não: 101; abstenção: 53; tota: 447.,16/6/2015,19:07,EMENDA AGLUTINATIVA Nº 57,5569,PPS,sim,Cota para mulheres legislativo
PEC,182,2007,26,Rejeitada a Emenda Aglutinativa nº 57. Sim: 293; não: 101; abstenção: 53; tota: 447.,16/6/2015,19:07,EMENDA AGLUTINATIVA Nº 57,5569,PV,sim,Cota para mulheres legislativo
PEC,182,2007,26,Rejeitada a Emenda Aglutinativa nº 57. Sim: 293; não: 101; abstenção: 53; tota: 447.,16/6/2015,19:07,EMENDA AGLUTINATIVA Nº 57,5569,Repr.PSOL,sim,Cota para mulheres legislativo
PEC,182,2007,26,Rejeitada a Emenda Aglutinativa nº 57. Sim: 293; não: 101; abstenção: 53; tota: 447.,16/6/2015,19:07,EMENDA AGLUTINATIVA Nº 57,5569,Minoria,liberado,Cota para mulheres legislativo
PEC,182,2007,28,Aprovada a Emenda Aglutinativa nº 60. Sim: 433; não: 7; abstenção: 2; total: 442.,16/6/2015,20:04,EMENDA AGLUTINATIVA Nº 60,5569,PmdbPpPtbPscPhsPen,sim,Voto impresso
PEC,182,2007,28,Aprovada a Emenda Aglutinativa nº 60. Sim: 433; não: 7; abstenção: 2; total: 442.,16/6/2015,20:04,EMENDA AGLUTINATIVA Nº 60,5569,PT,sim,Voto impresso
PEC,182,2007,28,Aprovada a Emenda Aglutinativa nº 60. Sim: 433; não: 7; abstenção: 2; total: 442.,16/6/2015,20:04,EMENDA AGLUTINATIVA Nº 60,5569,PSDB,sim,Voto impresso
PEC,182,2007,28,Aprovada a Emenda Aglutinativa nº 60. Sim: 433; não: 7; abstenção: 2; total: 442.,16/6/2015,20:04,EMENDA AGLUTINATIVA Nº 60,5569,PrbPtnPmnPrpPsdcPrtbPtcPslPtdoB,sim,Voto impresso
PEC,182,2007,28,Aprovada a Emenda Aglutinativa nº 60. Sim: 433; não: 7; abstenção: 2; total: 442.,16/6/2015,20:04,EMENDA AGLUTINATIVA Nº 60,5569,PSD,sim,Voto impresso
PEC,182,2007,28,Aprovada a Emenda Aglutinativa nº 60. Sim: 433; não: 7; abstenção: 2; total: 442.,16/6/2015,20:04,EMENDA AGLUTINATIVA Nº 60,5569,PR,sim,Voto impresso
PEC,182,2007,28,Aprovada a Emenda Aglutinativa nº 60. Sim: 433; não: 7; abstenção: 2; total: 442.,16/6/2015,20:04,EMENDA AGLUTINATIVA Nº 60,5569,PSB,sim,Voto impresso
PEC,182,2007,28,Aprovada a Emenda Aglutinativa nº 60. Sim: 433; não: 7; abstenção: 2; total: 442.,16/6/2015,20:04,EMENDA AGLUTINATIVA Nº 60,5569,DEM,sim,Voto impresso
PEC,182,2007,28,Aprovada a Emenda Aglutinativa nº 60. Sim: 433; não: 7; abstenção: 2; total: 442.,16/6/2015,20:04,EMENDA AGLUTINATIVA Nº 60,5569,PDT,sim,Voto impresso
PEC,182,2007,28,Aprovada a Emenda Aglutinativa nº 60. Sim: 433; não: 7; abstenção: 2; total: 442.,16/6/2015,20:04,EMENDA AGLUTINATIVA Nº 60,5569,Solidaried,sim,Voto impresso
PEC,182,2007,28,Aprovada a Emenda Aglutinativa nº 60. Sim: 433; não: 7; abstenção: 2; total: 442.,16/6/2015,20:04,EMENDA AGLUTINATIVA Nº 60,5569,PCdoB,sim,Voto impresso
PEC,182,2007,28,Aprovada a Emenda Aglutinativa nº 60. Sim: 433; não: 7; abstenção: 2; total: 442.,16/6/2015,20:04,EMENDA AGLUTINATIVA Nº 60,5569,PROS,sim,Voto impresso
PEC,182,2007,28,Aprovada a Emenda Aglutinativa nº 60. Sim: 433; não: 7; abstenção: 2; total: 442.,16/6/2015,20:04,EMENDA AGLUTINATIVA Nº 60,5569,PPS,sim,Voto impresso
PEC,182,2007,28,Aprovada a Emenda Aglutinativa nº 60. Sim: 433; não: 7; abstenção: 2; total: 442.,16/6/2015,20:04,EMENDA AGLUTINATIVA Nº 60,5569,PV,sim,Voto impresso
PEC,182,2007,28,Aprovada a Emenda Aglutinativa nº 60. Sim: 433; não: 7; abstenção: 2; total: 442.,16/6/2015,20:04,EMENDA AGLUTINATIVA Nº 60,5569,Repr.PSOL,sim,Voto impresso
PEC,182,2007,28,Aprovada a Emenda Aglutinativa nº 60. Sim: 433; não: 7; abstenção: 2; total: 442.,16/6/2015,20:04,EMENDA AGLUTINATIVA Nº 60,5569,Minoria,sim,Voto impresso
PEC,182,2007,28,Aprovada a Emenda Aglutinativa nº 60. Sim: 433; não: 7; abstenção: 2; total: 442.,16/6/2015,20:04,EMENDA AGLUTINATIVA Nº 60,5569,GOV.,sim,Voto impresso
MPV,665,2014,1,Aprovado o Projeto de Lei de Conversão nº 3 de 2015 apresentado à Medida Provisória nº 665 de 2014. ressalvados os destaques. Sim: 252; não: 227; abstenção: 1; total: 480.,6/5/2015,21:31,PROJETO DE LEI DE CONVERSÃO,5520,PmdbPpPtbPscPhsPen,sim,Seguro Desemprego
MPV,665,2014,1,Aprovado o Projeto de Lei de Conversão nº 3 de 2015 apresentado à Medida Provisória nº 665 de 2014. ressalvados os destaques. Sim: 252; não: 227; abstenção: 1; total: 480.,6/5/2015,21:31,PROJETO DE LEI DE CONVERSÃO,5520,PT,sim,Seguro Desemprego
MPV,665,2014,1,Aprovado o Projeto de Lei de Conversão nº 3 de 2015 apresentado à Medida Provisória nº 665 de 2014. ressalvados os destaques. Sim: 252; não: 227; abstenção: 1; total: 480.,6/5/2015,21:31,PROJETO DE LEI DE CONVERSÃO,5520,PSDB,não,Seguro Desemprego
MPV,665,2014,1,Aprovado o Projeto de Lei de Conversão nº 3 de 2015 apresentado à Medida Provisória nº 665 de 2014. ressalvados os destaques. Sim: 252; não: 227; abstenção: 1; total: 480.,6/5/2015,21:31,PROJETO DE LEI DE CONVERSÃO,5520,PrbPtnPmnPrpPsdcPrtbPtcPslPtdoB,sim,Seguro Desemprego
MPV,665,2014,1,Aprovado o Projeto de Lei de Conversão nº 3 de 2015 apresentado à Medida Provisória nº 665 de 2014. ressalvados os destaques. Sim: 252; não: 227; abstenção: 1; total: 480.,6/5/2015,21:31,PROJETO DE LEI DE CONVERSÃO,5520,PSD,sim,Seguro Desemprego
MPV,665,2014,1,Aprovado o Projeto de Lei de Conversão nº 3 de 2015 apresentado à Medida Provisória nº 665 de 2014. ressalvados os destaques. Sim: 252; não: 227; abstenção: 1; total: 480.,6/5/2015,21:31,PROJETO DE LEI DE CONVERSÃO,5520,PR,sim,Seguro Desemprego
MPV,665,2014,1,Aprovado o Projeto de Lei de Conversão nº 3 de 2015 apresentado à Medida Provisória nº 665 de 2014. ressalvados os destaques. Sim: 252; não: 227; abstenção: 1; total: 480.,6/5/2015,21:31,PROJETO DE LEI DE CONVERSÃO,5520,PSB,não,Seguro Desemprego
MPV,665,2014,1,Aprovado o Projeto de Lei de Conversão nº 3 de 2015 apresentado à Medida Provisória nº 665 de 2014. ressalvados os destaques. Sim: 252; não: 227; abstenção: 1; total: 480.,6/5/2015,21:31,PROJETO DE LEI DE CONVERSÃO,5520,DEM,não,Seguro Desemprego
MPV,665,2014,1,Aprovado o Projeto de Lei de Conversão nº 3 de 2015 apresentado à Medida Provisória nº 665 de 2014. ressalvados os destaques. Sim: 252; não: 227; abstenção: 1; total: 480.,6/5/2015,21:31,PROJETO DE LEI DE CONVERSÃO,5520,PDT,não,Seguro Desemprego
MPV,665,2014,1,Aprovado o Projeto de Lei de Conversão nº 3 de 2015 apresentado à Medida Provisória nº 665 de 2014. ressalvados os destaques. Sim: 252; não: 227; abstenção: 1; total: 480.,6/5/2015,21:31,PROJETO DE LEI DE CONVERSÃO,5520,Solidaried,não,Seguro Desemprego
MPV,665,2014,1,Aprovado o Projeto de Lei de Conversão nº 3 de 2015 apresentado à Medida Provisória nº 665 de 2014. ressalvados os destaques. Sim: 252; não: 227; abstenção: 1; total: 480.,6/5/2015,21:31,PROJETO DE LEI DE CONVERSÃO,5520,PCdoB,sim,Seguro Desemprego
MPV,665,2014,1,Aprovado o Projeto de Lei de Conversão nº 3 de 2015 apresentado à Medida Provisória nº 665 de 2014. ressalvados os destaques. Sim: 252; não: 227; abstenção: 1; total: 480.,6/5/2015,21:31,PROJETO DE LEI DE CONVERSÃO,5520,PROS,sim,Seguro Desemprego
MPV,665,2014,1,Aprovado o Projeto de Lei de Conversão nº 3 de 2015 apresentado à Medida Provisória nº 665 de 2014. ressalvados os destaques. Sim: 252; não: 227; abstenção: 1; total: 480.,6/5/2015,21:31,PROJETO DE LEI DE CONVERSÃO,5520,PPS,não,Seguro Desemprego
MPV,665,2014,1,Aprovado o Projeto de Lei de Conversão nº 3 de 2015 apresentado à Medida Provisória nº 665 de 2014. ressalvados os destaques. Sim: 252; não: 227; abstenção: 1; total: 480.,6/5/2015,21:31,PROJETO DE LEI DE CONVERSÃO,5520,PV,liberado,Seguro Desemprego
MPV,665,2014,1,Aprovado o Projeto de Lei de Conversão nº 3 de 2015 apresentado à Medida Provisória nº 665 de 2014. ressalvados os destaques. Sim: 252; não: 227; abstenção: 1; total: 480.,6/5/2015,21:31,PROJETO DE LEI DE CONVERSÃO,5520,PSOL,não,Seguro Desemprego
MPV,665,2014,1,Aprovado o Projeto de Lei de Conversão nº 3 de 2015 apresentado à Medida Provisória nº 665 de 2014. ressalvados os destaques. Sim: 252; não: 227; abstenção: 1; total: 480.,6/5/2015,21:31,PROJETO DE LEI DE CONVERSÃO,5520,Minoria,não,Seguro Desemprego
MPV,665,2014,1,Aprovado o Projeto de Lei de Conversão nº 3 de 2015 apresentado à Medida Provisória nº 665 de 2014. ressalvados os destaques. Sim: 252; não: 227; abstenção: 1; total: 480.,6/5/2015,21:31,PROJETO DE LEI DE CONVERSÃO,5520,GOV.,sim,Seguro Desemprego
PLP,366,2013,1,Aprovada a Subemenda Substitutiva Global de Plenário. Sim: 293; não: 64; abstenção: 5; total: 362.,10/9/2015,13:43,SUBEMENDA SUBSTITUTIVA OFERECIDA PELO RELATOR DA CDEIC,5657,PmdbPpPtbPscPhsPen,sim,Tributação serviços de internet
PLP,366,2013,1,Aprovada a Subemenda Substitutiva Global de Plenário. Sim: 293; não: 64; abstenção: 5; total: 362.,10/9/2015,13:43,SUBEMENDA SUBSTITUTIVA OFERECIDA PELO RELATOR DA CDEIC,5657,PT,sim,Tributação serviços de internet
PLP,366,2013,1,Aprovada a Subemenda Substitutiva Global de Plenário. Sim: 293; não: 64; abstenção: 5; total: 362.,10/9/2015,13:43,SUBEMENDA SUBSTITUTIVA OFERECIDA PELO RELATOR DA CDEIC,5657,PSDB,sim,Tributação serviços de internet
PLP,366,2013,1,Aprovada a Subemenda Substitutiva Global de Plenário. Sim: 293; não: 64; abstenção: 5; total: 362.,10/9/2015,13:43,SUBEMENDA SUBSTITUTIVA OFERECIDA PELO RELATOR DA CDEIC,5657,PrbPtnPmnPrpPsdcPrtbPtcPslPtdoB,sim,Tributação serviços de internet
PLP,366,2013,1,Aprovada a Subemenda Substitutiva Global de Plenário. Sim: 293; não: 64; abstenção: 5; total: 362.,10/9/2015,13:43,SUBEMENDA SUBSTITUTIVA OFERECIDA PELO RELATOR DA CDEIC,5657,PR,sim,Tributação serviços de internet
PLP,366,2013,1,Aprovada a Subemenda Substitutiva Global de Plenário. Sim: 293; não: 64; abstenção: 5; total: 362.,10/9/2015,13:43,SUBEMENDA SUBSTITUTIVA OFERECIDA PELO RELATOR DA CDEIC,5657,PSD,sim,Tributação serviços de internet
PLP,366,2013,1,Aprovada a Subemenda Substitutiva Global de Plenário. Sim: 293; não: 64; abstenção: 5; total: 362.,10/9/2015,13:43,SUBEMENDA SUBSTITUTIVA OFERECIDA PELO RELATOR DA CDEIC,5657,PSB,sim,Tributação serviços de internet
PLP,366,2013,1,Aprovada a Subemenda Substitutiva Global de Plenário. Sim: 293; não: 64; abstenção: 5; total: 362.,10/9/2015,13:43,SUBEMENDA SUBSTITUTIVA OFERECIDA PELO RELATOR DA CDEIC,5657,DEM,sim,Tributação serviços de internet
PLP,366,2013,1,Aprovada a Subemenda Substitutiva Global de Plenário. Sim: 293; não: 64; abstenção: 5; total: 362.,10/9/2015,13:43,SUBEMENDA SUBSTITUTIVA OFERECIDA PELO RELATOR DA CDEIC,5657,PDT,não,Tributação serviços de internet
PLP,366,2013,1,Aprovada a Subemenda Substitutiva Global de Plenário. Sim: 293; não: 64; abstenção: 5; total: 362.,10/9/2015,13:43,SUBEMENDA SUBSTITUTIVA OFERECIDA PELO RELATOR DA CDEIC,5657,Solidaried,sim,Tributação serviços de internet
PLP,366,2013,1,Aprovada a Subemenda Substitutiva Global de Plenário. Sim: 293; não: 64; abstenção: 5; total: 362.,10/9/2015,13:43,SUBEMENDA SUBSTITUTIVA OFERECIDA PELO RELATOR DA CDEIC,5657,PCdoB,não,Tributação serviços de internet
PLP,366,2013,1,Aprovada a Subemenda Substitutiva Global de Plenário. Sim: 293; não: 64; abstenção: 5; total: 362.,10/9/2015,13:43,SUBEMENDA SUBSTITUTIVA OFERECIDA PELO RELATOR DA CDEIC,5657,PROS,liberado,Tributação serviços de internet
PLP,366,2013,1,Aprovada a Subemenda Substitutiva Global de Plenário. Sim: 293; não: 64; abstenção: 5; total: 362.,10/9/2015,13:43,SUBEMENDA SUBSTITUTIVA OFERECIDA PELO RELATOR DA CDEIC,5657,PPS,liberado,Tributação serviços de internet
PLP,366,2013,1,Aprovada a Subemenda Substitutiva Global de Plenário. Sim: 293; não: 64; abstenção: 5; total: 362.,10/9/2015,13:43,SUBEMENDA SUBSTITUTIVA OFERECIDA PELO RELATOR DA CDEIC,5657,PV,sim,Tributação serviços de internet
PLP,366,2013,1,Aprovada a Subemenda Substitutiva Global de Plenário. Sim: 293; não: 64; abstenção: 5; total: 362.,10/9/2015,13:43,SUBEMENDA SUBSTITUTIVA OFERECIDA PELO RELATOR DA CDEIC,5657,Repr.PSOL,não,Tributação serviços de internet
PLP,366,2013,1,Aprovada a Subemenda Substitutiva Global de Plenário. Sim: 293; não: 64; abstenção: 5; total: 362.,10/9/2015,13:43,SUBEMENDA SUBSTITUTIVA OFERECIDA PELO RELATOR DA CDEIC,5657,Minoria,liberado,Tributação serviços de internet
PLP,366,2013,1,Aprovada a Subemenda Substitutiva Global de Plenário. Sim: 293; não: 64; abstenção: 5; total: 362.,10/9/2015,13:43,SUBEMENDA SUBSTITUTIVA OFERECIDA PELO RELATOR DA CDEIC,5657,GOV.,sim,Tributação serviços de internet
MPV,664,2014,5,Aprovado o Projeto de Lei de Conversão nº 4 de 2015. apresentado à Medida Provisória nº 664 de 2014. ressalvados os destaques. Sim: 277; não: 178; abstenção: 01; total: 456.,13/5/2015,19:22,PROJETO DE LEI DE CONVERSÃO,5529,PmdbPpPtbPscPhsPen,sim,Pensão
MPV,664,2014,5,Aprovado o Projeto de Lei de Conversão nº 4 de 2015. apresentado à Medida Provisória nº 664 de 2014. ressalvados os destaques. Sim: 277; não: 178; abstenção: 01; total: 456.,13/5/2015,19:22,PROJETO DE LEI DE CONVERSÃO,5529,PT,sim,Pensão
MPV,664,2014,5,Aprovado o Projeto de Lei de Conversão nº 4 de 2015. apresentado à Medida Provisória nº 664 de 2014. ressalvados os destaques. Sim: 277; não: 178; abstenção: 01; total: 456.,13/5/2015,19:22,PROJETO DE LEI DE CONVERSÃO,5529,PSDB,não,Pensão
MPV,664,2014,5,Aprovado o Projeto de Lei de Conversão nº 4 de 2015. apresentado à Medida Provisória nº 664 de 2014. ressalvados os destaques. Sim: 277; não: 178; abstenção: 01; total: 456.,13/5/2015,19:22,PROJETO DE LEI DE CONVERSÃO,5529,PrbPtnPmnPrpPsdcPrtbPtcPslPtdoB,sim,Pensão
MPV,664,2014,5,Aprovado o Projeto de Lei de Conversão nº 4 de 2015. apresentado à Medida Provisória nº 664 de 2014. ressalvados os destaques. Sim: 277; não: 178; abstenção: 01; total: 456.,13/5/2015,19:22,PROJETO DE LEI DE CONVERSÃO,5529,PSD,sim,Pensão
MPV,664,2014,5,Aprovado o Projeto de Lei de Conversão nº 4 de 2015. apresentado à Medida Provisória nº 664 de 2014. ressalvados os destaques. Sim: 277; não: 178; abstenção: 01; total: 456.,13/5/2015,19:22,PROJETO DE LEI DE CONVERSÃO,5529,PR,sim,Pensão
MPV,664,2014,5,Aprovado o Projeto de Lei de Conversão nº 4 de 2015. apresentado à Medida Provisória nº 664 de 2014. ressalvados os destaques. Sim: 277; não: 178; abstenção: 01; total: 456.,13/5/2015,19:22,PROJETO DE LEI DE CONVERSÃO,5529,PSB,não,Pensão
MPV,664,2014,5,Aprovado o Projeto de Lei de Conversão nº 4 de 2015. apresentado à Medida Provisória nº 664 de 2014. ressalvados os destaques. Sim: 277; não: 178; abstenção: 01; total: 456.,13/5/2015,19:22,PROJETO DE LEI DE CONVERSÃO,5529,DEM,não,Pensão
MPV,664,2014,5,Aprovado o Projeto de Lei de Conversão nº 4 de 2015. apresentado à Medida Provisória nº 664 de 2014. ressalvados os destaques. Sim: 277; não: 178; abstenção: 01; total: 456.,13/5/2015,19:22,PROJETO DE LEI DE CONVERSÃO,5529,PDT,não,Pensão
MPV,664,2014,5,Aprovado o Projeto de Lei de Conversão nº 4 de 2015. apresentado à Medida Provisória nº 664 de 2014. ressalvados os destaques. Sim: 277; não: 178; abstenção: 01; total: 456.,13/5/2015,19:22,PROJETO DE LEI DE CONVERSÃO,5529,Solidaried,não,Pensão
MPV,664,2014,5,Aprovado o Projeto de Lei de Conversão nº 4 de 2015. apresentado à Medida Provisória nº 664 de 2014. ressalvados os destaques. Sim: 277; não: 178; abstenção: 01; total: 456.,13/5/2015,19:22,PROJETO DE LEI DE CONVERSÃO,5529,PCdoB,sim,Pensão
MPV,664,2014,5,Aprovado o Projeto de Lei de Conversão nº 4 de 2015. apresentado à Medida Provisória nº 664 de 2014. ressalvados os destaques. Sim: 277; não: 178; abstenção: 01; total: 456.,13/5/2015,19:22,PROJETO DE LEI DE CONVERSÃO,5529,PROS,sim,Pensão
MPV,664,2014,5,Aprovado o Projeto de Lei de Conversão nº 4 de 2015. apresentado à Medida Provisória nº 664 de 2014. ressalvados os destaques. Sim: 277; não: 178; abstenção: 01; total: 456.,13/5/2015,19:22,PROJETO DE LEI DE CONVERSÃO,5529,PPS,não,Pensão
MPV,664,2014,5,Aprovado o Projeto de Lei de Conversão nº 4 de 2015. apresentado à Medida Provisória nº 664 de 2014. ressalvados os destaques. Sim: 277; não: 178; abstenção: 01; total: 456.,13/5/2015,19:22,PROJETO DE LEI DE CONVERSÃO,5529,PV,liberado,Pensão
MPV,664,2014,5,Aprovado o Projeto de Lei de Conversão nº 4 de 2015. apresentado à Medida Provisória nº 664 de 2014. ressalvados os destaques. Sim: 277; não: 178; abstenção: 01; total: 456.,13/5/2015,19:22,PROJETO DE LEI DE CONVERSÃO,5529,PSOL,não,Pensão
MPV,664,2014,5,Aprovado o Projeto de Lei de Conversão nº 4 de 2015. apresentado à Medida Provisória nº 664 de 2014. ressalvados os destaques. Sim: 277; não: 178; abstenção: 01; total: 456.,13/5/2015,19:22,PROJETO DE LEI DE CONVERSÃO,5529,Minoria,não,Pensão
MPV,664,2014,5,Aprovado o Projeto de Lei de Conversão nº 4 de 2015. apresentado à Medida Provisória nº 664 de 2014. ressalvados os destaques. Sim: 277; não: 178; abstenção: 01; total: 456.,13/5/2015,19:22,PROJETO DE LEI DE CONVERSÃO,5529,GOV.,sim,Pensão
PL,6787,2016,3,Aprovada a Subemenda Substitutiva Global apresentada pelo Relator da Comissão Especial. ressalvados os destaques. Sim: 296; não:177; total: 473.,26/4/2017,21:56,SUBEMENDA SUBSTITUTIVA GLOBAL,16186,PpPtnPTdoB,sim,Lei trabalhista
PL,6787,2016,3,Aprovada a Subemenda Substitutiva Global apresentada pelo Relator da Comissão Especial. ressalvados os destaques. Sim: 296; não:177; total: 473.,26/4/2017,21:56,SUBEMENDA SUBSTITUTIVA GLOBAL,16186,PMDB,sim,Lei trabalhista
PL,6787,2016,3,Aprovada a Subemenda Substitutiva Global apresentada pelo Relator da Comissão Especial. ressalvados os destaques. Sim: 296; não:177; total: 473.,26/4/2017,21:56,SUBEMENDA SUBSTITUTIVA GLOBAL,16186,PT,não,Lei trabalhista
PL,6787,2016,3,Aprovada a Subemenda Substitutiva Global apresentada pelo Relator da Comissão Especial. ressalvados os destaques. Sim: 296; não:177; total: 473.,26/4/2017,21:56,SUBEMENDA SUBSTITUTIVA GLOBAL,16186,PSDB,sim,Lei trabalhista
PL,6787,2016,3,Aprovada a Subemenda Substitutiva Global apresentada pelo Relator da Comissão Especial. ressalvados os destaques. Sim: 296; não:177; total: 473.,26/4/2017,21:56,SUBEMENDA SUBSTITUTIVA GLOBAL,16186,PR,sim,Lei trabalhista
PL,6787,2016,3,Aprovada a Subemenda Substitutiva Global apresentada pelo Relator da Comissão Especial. ressalvados os destaques. Sim: 296; não:177; total: 473.,26/4/2017,21:56,SUBEMENDA SUBSTITUTIVA GLOBAL,16186,PSD,sim,Lei trabalhista
PL,6787,2016,3,Aprovada a Subemenda Substitutiva Global apresentada pelo Relator da Comissão Especial. ressalvados os destaques. Sim: 296; não:177; total: 473.,26/4/2017,21:56,SUBEMENDA SUBSTITUTIVA GLOBAL,16186,PSB,não,Lei trabalhista
PL,6787,2016,3,Aprovada a Subemenda Substitutiva Global apresentada pelo Relator da Comissão Especial. ressalvados os destaques. Sim: 296; não:177; total: 473.,26/4/2017,21:56,SUBEMENDA SUBSTITUTIVA GLOBAL,16186,DEM,sim,Lei trabalhista
PL,6787,2016,3,Aprovada a Subemenda Substitutiva Global apresentada pelo Relator da Comissão Especial. ressalvados os destaques. Sim: 296; não:177; total: 473.,26/4/2017,21:56,SUBEMENDA SUBSTITUTIVA GLOBAL,16186,PtbProsPsl,sim,Lei trabalhista
PL,6787,2016,3,Aprovada a Subemenda Substitutiva Global apresentada pelo Relator da Comissão Especial. ressalvados os destaques. Sim: 296; não:177; total: 473.,26/4/2017,21:56,SUBEMENDA SUBSTITUTIVA GLOBAL,16186,PRB,sim,Lei trabalhista
PL,6787,2016,3,Aprovada a Subemenda Substitutiva Global apresentada pelo Relator da Comissão Especial. ressalvados os destaques. Sim: 296; não:177; total: 473.,26/4/2017,21:56,SUBEMENDA SUBSTITUTIVA GLOBAL,16186,PDT,não,Lei trabalhista
PL,6787,2016,3,Aprovada a Subemenda Substitutiva Global apresentada pelo Relator da Comissão Especial. ressalvados os destaques. Sim: 296; não:177; total: 473.,26/4/2017,21:56,SUBEMENDA SUBSTITUTIVA GLOBAL,16186,Solidaried,não,Lei trabalhista
PL,6787,2016,3,Aprovada a Subemenda Substitutiva Global apresentada pelo Relator da Comissão Especial. ressalvados os destaques. Sim: 296; não:177; total: 473.,26/4/2017,21:56,SUBEMENDA SUBSTITUTIVA GLOBAL,16186,PCdoB,não,Lei trabalhista
PL,6787,2016,3,Aprovada a Subemenda Substitutiva Global apresentada pelo Relator da Comissão Especial. ressalvados os destaques. Sim: 296; não:177; total: 473.,26/4/2017,21:56,SUBEMENDA SUBSTITUTIVA GLOBAL,16186,PSC,sim,Lei trabalhista
PL,6787,2016,3,Aprovada a Subemenda Substitutiva Global apresentada pelo Relator da Comissão Especial. ressalvados os destaques. Sim: 296; não:177; total: 473.,26/4/2017,21:56,SUBEMENDA SUBSTITUTIVA GLOBAL,16186,PPS,sim,Lei trabalhista
PL,6787,2016,3,Aprovada a Subemenda Substitutiva Global apresentada pelo Relator da Comissão Especial. ressalvados os destaques. Sim: 296; não:177; total: 473.,26/4/2017,21:56,SUBEMENDA SUBSTITUTIVA GLOBAL,16186,PHS,liberado,Lei trabalhista
PL,6787,2016,3,Aprovada a Subemenda Substitutiva Global apresentada pelo Relator da Comissão Especial. ressalvados os destaques. Sim: 296; não:177; total: 473.,26/4/2017,21:56,SUBEMENDA SUBSTITUTIVA GLOBAL,16186,PSOL,não,Lei trabalhista
PL,6787,2016,3,Aprovada a Subemenda Substitutiva Global apresentada pelo Relator da Comissão Especial. ressalvados os destaques. Sim: 296; não:177; total: 473.,26/4/2017,21:56,SUBEMENDA SUBSTITUTIVA GLOBAL,16186,PV,sim,Lei trabalhista
PL,6787,2016,3,Aprovada a Subemenda Substitutiva Global apresentada pelo Relator da Comissão Especial. ressalvados os destaques. Sim: 296; não:177; total: 473.,26/4/2017,21:56,SUBEMENDA SUBSTITUTIVA GLOBAL,16186,Repr.REDE,não,Lei trabalhista
PL,6787,2016,3,Aprovada a Subemenda Substitutiva Global apresentada pelo Relator da Comissão Especial. ressalvados os destaques. Sim: 296; não:177; total: 473.,26/4/2017,21:56,SUBEMENDA SUBSTITUTIVA GLOBAL,16186,Repr.PEN,sim,Lei trabalhista
PL,6787,2016,3,Aprovada a Subemenda Substitutiva Global apresentada pelo Relator da Comissão Especial. ressalvados os destaques. Sim: 296; não:177; total: 473.,26/4/2017,21:56,SUBEMENDA SUBSTITUTIVA GLOBAL,16186,Repr.PMB,não,Lei trabalhista
PL,6787,2016,3,Aprovada a Subemenda Substitutiva Global apresentada pelo Relator da Comissão Especial. ressalvados os destaques. Sim: 296; não:177; total: 473.,26/4/2017,21:56,SUBEMENDA SUBSTITUTIVA GLOBAL,16186,Minoria,não,Lei trabalhista
PL,6787,2016,3,Aprovada a Subemenda Substitutiva Global apresentada pelo Relator da Comissão Especial. ressalvados os destaques. Sim: 296; não:177; total: 473.,26/4/2017,21:56,SUBEMENDA SUBSTITUTIVA GLOBAL,16186,Maioria,sim,Lei trabalhista
PL,6787,2016,3,Aprovada a Subemenda Substitutiva Global apresentada pelo Relator da Comissão Especial. ressalvados os destaques. Sim: 296; não:177; total: 473.,26/4/2017,21:56,SUBEMENDA SUBSTITUTIVA GLOBAL,16186,GOV.,sim,Lei trabalhista
PL,2016,2015,1,Aprovada a Emenda Aglutinativa nº 4. Sim: 362; não: 85; abstenção: 3; total: 450.,12/8/2015,20:22,EMENDA AGLUTINATIVA Nº 4,5624,PmdbPpPtbPscPhsPen,sim,Terrorismo
PL,2016,2015,1,Aprovada a Emenda Aglutinativa nº 4. Sim: 362; não: 85; abstenção: 3; total: 450.,12/8/2015,20:22,EMENDA AGLUTINATIVA Nº 4,5624,PT,sim,Terrorismo
PL,2016,2015,1,Aprovada a Emenda Aglutinativa nº 4. Sim: 362; não: 85; abstenção: 3; total: 450.,12/8/2015,20:22,EMENDA AGLUTINATIVA Nº 4,5624,PSDB,sim,Terrorismo
PL,2016,2015,1,Aprovada a Emenda Aglutinativa nº 4. Sim: 362; não: 85; abstenção: 3; total: 450.,12/8/2015,20:22,EMENDA AGLUTINATIVA Nº 4,5624,PrbPtnPmnPrpPsdcPrtbPtcPslPtdoB,sim,Terrorismo
PL,2016,2015,1,Aprovada a Emenda Aglutinativa nº 4. Sim: 362; não: 85; abstenção: 3; total: 450.,12/8/2015,20:22,EMENDA AGLUTINATIVA Nº 4,5624,PR,sim,Terrorismo
PL,2016,2015,1,Aprovada a Emenda Aglutinativa nº 4. Sim: 362; não: 85; abstenção: 3; total: 450.,12/8/2015,20:22,EMENDA AGLUTINATIVA Nº 4,5624,PSD,liberado,Terrorismo
PL,2016,2015,1,Aprovada a Emenda Aglutinativa nº 4. Sim: 362; não: 85; abstenção: 3; total: 450.,12/8/2015,20:22,EMENDA AGLUTINATIVA Nº 4,5624,PSB,liberado,Terrorismo
PL,2016,2015,1,Aprovada a Emenda Aglutinativa nº 4. Sim: 362; não: 85; abstenção: 3; total: 450.,12/8/2015,20:22,EMENDA AGLUTINATIVA Nº 4,5624,DEM,sim,Terrorismo
PL,2016,2015,1,Aprovada a Emenda Aglutinativa nº 4. Sim: 362; não: 85; abstenção: 3; total: 450.,12/8/2015,20:22,EMENDA AGLUTINATIVA Nº 4,5624,PDT,sim,Terrorismo
PL,2016,2015,1,Aprovada a Emenda Aglutinativa nº 4. Sim: 362; não: 85; abstenção: 3; total: 450.,12/8/2015,20:22,EMENDA AGLUTINATIVA Nº 4,5624,Solidaried,sim,Terrorismo
PL,2016,2015,1,Aprovada a Emenda Aglutinativa nº 4. Sim: 362; não: 85; abstenção: 3; total: 450.,12/8/2015,20:22,EMENDA AGLUTINATIVA Nº 4,5624,PCdoB,sim,Terrorismo
PL,2016,2015,1,Aprovada a Emenda Aglutinativa nº 4. Sim: 362; não: 85; abstenção: 3; total: 450.,12/8/2015,20:22,EMENDA AGLUTINATIVA Nº 4,5624,PROS,sim,Terrorismo
PL,2016,2015,1,Aprovada a Emenda Aglutinativa nº 4. Sim: 362; não: 85; abstenção: 3; total: 450.,12/8/2015,20:22,EMENDA AGLUTINATIVA Nº 4,5624,PPS,sim,Terrorismo
PL,2016,2015,1,Aprovada a Emenda Aglutinativa nº 4. Sim: 362; não: 85; abstenção: 3; total: 450.,12/8/2015,20:22,EMENDA AGLUTINATIVA Nº 4,5624,PV,sim,Terrorismo
PL,2016,2015,1,Aprovada a Emenda Aglutinativa nº 4. Sim: 362; não: 85; abstenção: 3; total: 450.,12/8/2015,20:22,EMENDA AGLUTINATIVA Nº 4,5624,Repr.PSOL,não,Terrorismo
PL,2016,2015,1,Aprovada a Emenda Aglutinativa nº 4. Sim: 362; não: 85; abstenção: 3; total: 450.,12/8/2015,20:22,EMENDA AGLUTINATIVA Nº 4,5624,Minoria,liberado,Terrorismo
PL,2016,2015,1,Aprovada a Emenda Aglutinativa nº 4. Sim: 362; não: 85; abstenção: 3; total: 450.,12/8/2015,20:22,EMENDA AGLUTINATIVA Nº 4,5624,GOV.,sim,Terrorismo
